,date,plant-stand,precip,temp,hail,crop-hist,area-damaged,severity,seed-tmt,germination,plant_growth,leaves,leafspots_halo,leafspots_marg,leafspot_size, leaf_shread,leaf_malf,leaf_mild,stem,lodging,stem_cankers,canker_lesion,fruiting_bodies,external_decay,mycelium,int_discolor,sclerotia,fruit_pods,fruit_spots,seed,mold_growth,seed_discolor,seed_size,shriveling,roots,k1_label,k2_label,k3_label,k4_label,k5_label,k6_label,k7_label,k8_label,k9_label,k10_label,k11_label,k12_label,k13_label,k14_label,k15_label,k16_label,k17_label,k18_label,k19_label,k20_label,k21_label,k22_label,k23_label,k24_label,k25_label,k26_label,k27_label,k28_label,k29_label,k30_label,k31_label,k32_label,k33_label,k34_label,k35_label,k36_label,k37_label,k38_label,k39_label,k40_label,k41_label,k42_label,k43_label,k44_label,k45_label,k46_label,k47_label,k48_label,k49_label,k50_label,k51_label,k52_label,k53_label,k54_label,k55_label,k56_label,k57_label,k58_label,k59_label
0,6,0,2,1,0,1,1,1,0,0,1,1,0,2,2,0,0,0,1,1,3,1,1,1,0,0,0,0,4,0,0,0,0,0,0,0,0,2,2,2,5,0,5,3,8,5,7,2,11,9,12,14,9,13,6,14,5,13,13,14,12,16,8,4,17,3,19,17,15,15,6,2,10,4,15,18,21,14,18,8,24,14,33,36,35,9,1,33,31,24,11,15,33,33
1,4,0,2,1,0,2,0,2,1,1,1,1,0,2,2,0,0,0,1,0,3,1,1,1,0,0,0,0,4,0,0,0,0,0,0,0,0,2,2,2,5,0,5,3,8,5,7,2,11,9,12,14,9,13,6,14,5,13,13,14,12,16,8,4,17,3,19,17,15,15,6,2,10,4,15,18,21,14,43,40,34,31,13,18,17,30,19,20,1,21,27,27,30,0
2,3,0,2,1,0,1,0,2,1,2,1,1,0,2,2,0,0,0,1,0,3,0,1,1,0,0,0,0,4,0,0,0,0,0,0,0,0,2,2,2,5,0,5,3,8,5,7,2,11,9,12,14,9,13,6,14,5,13,13,14,12,16,8,4,17,3,19,17,15,15,6,2,10,4,15,18,21,14,43,40,34,31,13,18,17,30,19,20,1,21,27,27,30,0
3,3,0,2,1,0,1,0,2,0,1,1,1,0,2,2,0,0,0,1,0,3,0,1,1,0,0,0,0,4,0,0,0,0,0,0,0,0,2,2,2,5,0,5,3,8,5,7,2,11,9,12,14,9,13,6,14,5,13,13,14,12,16,8,4,17,3,19,17,15,15,6,2,10,4,15,18,21,14,43,40,34,31,13,18,17,30,19,20,1,21,27,27,30,0
4,6,0,2,1,0,2,0,1,0,2,1,1,0,2,2,0,0,0,1,0,3,1,1,1,0,0,0,0,4,0,0,0,0,0,0,0,0,2,2,2,5,0,5,3,8,5,7,2,11,9,12,14,9,13,6,14,5,13,13,14,12,16,8,4,17,3,19,17,15,15,6,2,10,4,15,18,21,14,18,8,24,14,33,36,35,9,1,33,31,24,11,15,33,33
5,5,0,2,1,0,3,0,1,0,1,1,1,0,2,2,0,0,0,1,0,3,0,1,1,0,0,0,0,4,0,0,0,0,0,0,0,0,2,2,2,5,0,5,3,8,5,7,2,11,9,12,14,9,13,6,14,5,13,13,14,12,16,8,4,17,3,19,17,15,15,6,2,10,4,15,18,21,14,18,8,24,14,33,36,35,9,1,33,31,24,11,15,33,33
6,5,0,2,1,0,2,0,1,1,0,1,1,0,2,2,0,0,0,1,1,3,1,1,1,0,0,0,0,4,0,0,0,0,0,0,0,0,2,2,2,5,0,5,3,8,5,7,2,11,9,12,14,9,13,6,14,5,13,13,14,12,16,8,4,17,3,19,17,15,15,6,2,10,4,15,18,21,14,18,8,24,14,33,36,35,9,1,33,31,24,11,15,33,33
7,4,0,2,1,1,1,0,1,0,2,1,1,0,2,2,0,0,0,1,0,3,1,1,1,0,0,0,0,4,0,0,0,0,0,0,0,0,2,2,2,5,0,5,3,8,5,7,2,11,9,12,14,9,13,6,14,5,13,13,14,12,16,8,4,17,3,19,17,15,15,6,2,10,4,15,18,21,14,43,40,34,31,13,18,17,30,19,20,1,21,27,27,30,0
8,6,0,2,1,0,3,0,1,1,1,1,1,0,2,2,0,0,0,1,0,3,1,1,1,0,0,0,0,4,0,0,0,0,0,0,0,0,2,2,2,5,0,5,3,8,5,7,2,11,9,12,14,9,13,6,14,5,13,13,14,12,16,8,4,17,3,19,17,15,15,6,2,10,4,15,18,21,14,18,8,24,14,33,36,35,9,1,33,31,24,11,15,33,33
9,4,0,2,1,0,2,0,2,0,2,1,1,0,2,2,0,0,0,1,0,3,1,1,1,0,0,0,0,4,0,0,0,0,0,0,0,0,2,2,2,5,0,5,3,8,5,7,2,11,9,12,14,9,13,6,14,5,13,13,14,12,16,8,4,17,3,19,17,15,15,6,2,10,4,15,18,21,14,43,40,34,31,13,18,17,30,19,20,1,21,27,27,30,0
10,6,0,0,2,0,1,3,1,1,0,1,1,0,2,2,0,0,0,1,0,0,3,0,0,0,2,1,0,4,0,0,0,0,0,0,0,0,2,2,2,5,5,6,6,6,7,9,8,9,10,1,7,7,12,8,7,21,19,8,5,11,11,9,0,14,18,14,2,9,9,8,9,15,13,6,8,32,5,32,31,9,12,29,31,34,38,25,0,28,27,31,32,8,27
11,4,0,0,1,1,1,3,1,1,1,1,1,0,2,2,0,0,0,1,1,0,3,0,0,0,2,1,0,4,0,0,0,0,0,0,0,0,2,2,2,5,5,6,6,6,7,9,8,9,10,1,7,7,12,8,7,21,19,8,5,11,11,9,0,14,18,14,2,9,9,8,9,15,13,39,30,6,22,13,15,17,19,16,21,6,7,13,22,15,16,29,20,2,17
12,3,0,0,1,0,1,2,1,0,0,1,1,0,2,2,0,0,0,1,0,0,3,0,0,0,2,1,0,4,0,0,0,0,0,0,0,0,2,2,2,5,5,6,6,6,7,9,8,9,10,1,7,7,12,8,7,21,19,8,5,11,11,9,0,14,18,14,2,9,9,8,9,15,13,39,30,6,22,13,15,17,19,16,21,6,7,13,22,15,16,29,20,2,17
13,6,0,0,1,1,3,3,1,1,0,1,1,0,2,2,0,0,0,1,0,0,3,0,0,0,2,1,0,4,0,0,0,0,0,0,0,0,2,2,2,5,5,6,6,6,7,9,8,9,10,1,7,7,12,8,7,21,19,8,5,11,11,9,0,14,18,14,2,9,9,8,9,15,13,6,8,32,5,32,31,9,12,29,31,34,38,25,0,28,27,31,32,8,27
14,6,0,0,2,0,1,3,1,1,1,1,1,0,2,2,0,0,0,1,0,0,3,0,0,0,2,1,0,4,0,0,0,0,0,0,0,0,2,2,2,5,5,6,6,6,7,9,8,9,10,1,7,7,12,8,7,21,19,8,5,11,11,9,0,14,18,14,2,9,9,8,9,15,13,6,8,32,5,32,31,9,12,29,31,34,38,25,0,28,27,31,32,8,27
15,5,0,0,2,1,3,3,1,1,2,1,1,0,2,2,0,0,0,1,0,0,3,0,0,0,2,1,0,4,0,0,0,0,0,0,0,0,2,2,2,5,5,6,6,6,7,9,8,9,10,1,7,7,12,8,7,21,19,8,5,11,11,9,0,14,18,14,2,9,9,8,9,15,13,39,30,6,22,13,15,17,19,16,21,6,7,13,22,15,16,29,20,2,17
16,6,0,0,2,1,0,2,1,0,0,1,1,0,2,2,0,0,0,1,1,0,3,0,0,0,2,1,0,4,0,0,0,0,0,0,0,0,2,2,2,5,5,6,6,6,7,9,8,9,10,1,7,7,12,8,7,21,19,8,5,11,11,9,0,14,18,14,2,9,9,8,9,15,13,6,8,32,5,32,31,9,12,29,31,34,38,25,0,28,27,31,32,8,27
17,4,0,0,1,0,2,2,1,0,1,1,1,0,2,2,0,0,0,1,0,0,3,0,0,0,2,1,0,4,0,0,0,0,0,0,0,0,2,2,2,5,5,6,6,6,7,9,8,9,10,1,7,7,12,8,7,21,19,8,5,11,11,9,0,14,18,14,2,9,9,8,9,15,13,39,30,6,22,13,15,17,19,16,21,6,7,13,22,15,16,29,20,2,17
18,3,0,0,2,0,2,2,1,0,2,1,1,0,2,2,0,0,0,1,0,0,3,0,0,0,2,1,0,4,0,0,0,0,0,0,0,0,2,2,2,5,5,6,6,6,7,9,8,9,10,1,7,7,12,8,7,21,19,8,5,11,11,9,0,14,18,14,2,9,9,8,9,15,13,39,30,6,22,13,15,17,19,16,21,6,7,13,22,15,16,29,20,2,17
19,5,0,0,2,1,2,2,1,0,2,1,1,0,2,2,0,0,0,1,0,0,3,0,0,0,2,1,0,4,0,0,0,0,0,0,0,0,2,2,2,5,5,6,6,6,7,9,8,9,10,1,7,7,12,8,7,21,19,8,5,11,11,9,0,14,18,14,2,9,9,8,9,15,13,39,30,6,22,13,15,17,19,16,21,6,7,13,22,15,16,29,20,2,17
20,1,1,2,0,0,2,1,2,0,2,1,0,0,2,2,0,0,0,1,0,1,1,0,1,1,0,0,3,4,0,0,0,0,0,0,0,0,2,1,1,3,6,3,0,0,2,4,5,5,5,6,4,8,7,10,8,1,1,7,4,6,4,27,10,2,19,9,22,16,10,11,20,17,11,2,20,1,0,12,17,6,22,10,9,21,21,6,11,5,2,16,8,0,22
21,1,1,2,0,0,1,1,2,0,1,1,0,0,2,2,0,0,0,1,0,1,1,0,1,0,0,0,3,4,0,0,0,0,0,0,0,0,2,1,1,3,6,3,0,0,2,4,5,5,5,6,4,8,7,10,8,1,1,7,4,6,4,27,10,2,19,9,22,16,10,11,20,17,11,2,20,1,0,12,17,6,22,10,9,21,21,6,11,5,2,16,8,0,22
22,3,0,2,0,1,3,1,2,0,1,1,0,0,2,2,0,0,0,1,1,1,1,0,1,1,0,0,3,4,0,0,0,0,0,0,0,0,2,1,1,3,6,3,0,0,2,4,5,5,5,6,4,8,7,10,8,1,1,7,4,6,4,27,28,26,10,16,13,0,19,16,12,12,2,17,15,0,19,21,13,18,0,15,22,0,19,2,19,20,15,19,0,19,11
23,0,1,2,0,0,0,1,1,1,2,1,0,0,2,2,0,0,0,1,0,1,1,0,1,0,0,0,3,4,0,0,0,0,0,0,0,0,2,1,1,3,6,3,0,0,2,4,5,5,5,6,4,8,7,10,8,1,1,7,4,6,4,27,10,2,19,9,22,16,10,11,20,17,11,2,20,1,0,12,17,6,22,10,9,21,21,6,11,5,2,16,8,0,22
24,0,1,2,0,0,1,1,2,1,2,1,0,0,2,2,0,0,0,1,0,1,1,0,1,0,0,0,3,4,0,0,0,0,0,0,0,0,2,1,1,3,6,3,0,0,2,4,5,5,5,6,4,8,7,10,8,1,1,7,4,6,4,27,10,2,19,9,22,16,10,11,20,17,11,2,20,1,0,12,17,6,22,10,9,21,21,6,11,5,2,16,8,0,22
25,1,1,2,0,0,3,1,2,0,2,1,0,0,2,2,0,0,0,1,0,1,1,0,1,0,0,0,3,4,0,0,0,0,0,0,0,0,2,1,1,3,6,3,0,0,2,4,5,5,5,6,4,8,7,10,8,1,1,7,4,6,4,27,10,2,19,9,22,16,10,11,20,17,11,2,20,1,0,12,17,6,22,10,9,21,21,6,11,5,2,16,8,0,22
26,1,1,2,0,0,0,1,1,0,1,1,0,0,2,2,0,0,0,1,0,1,1,0,1,0,0,0,3,4,0,0,0,0,0,0,0,0,2,1,1,3,6,3,0,0,2,4,5,5,5,6,4,8,7,10,8,1,1,7,4,6,4,27,10,2,19,9,22,16,10,11,20,17,11,2,20,1,0,12,17,6,22,10,9,21,21,6,11,5,2,16,8,0,22
27,2,1,2,0,0,2,1,1,0,1,1,0,0,2,2,0,0,0,1,0,1,1,0,1,0,0,0,3,4,0,0,0,0,0,0,0,0,2,1,1,3,6,3,0,0,2,4,5,5,5,6,4,8,7,10,8,1,1,7,4,6,4,27,10,2,19,9,22,16,10,11,20,17,11,2,20,1,0,12,17,6,22,10,9,21,21,6,11,5,2,16,8,0,22
28,1,1,2,0,0,1,1,2,0,2,1,0,0,2,2,0,0,0,1,0,1,1,0,1,0,0,0,3,4,0,0,0,0,0,0,0,0,2,1,1,3,6,3,0,0,2,4,5,5,5,6,4,8,7,10,8,1,1,7,4,6,4,27,10,2,19,9,22,16,10,11,20,17,11,2,20,1,0,12,17,6,22,10,9,21,21,6,11,5,2,16,8,0,22
29,2,1,2,0,0,1,1,2,0,2,1,0,0,2,2,0,0,0,1,0,1,1,0,1,0,0,0,3,4,0,0,0,0,0,0,0,0,2,1,1,3,6,3,0,0,2,4,5,5,5,6,4,8,7,10,8,1,1,7,4,6,4,27,10,2,19,9,22,16,10,11,20,17,11,2,20,1,0,12,17,6,22,10,9,21,21,6,11,5,2,16,8,0,22
30,0,1,2,1,1,1,1,1,0,0,1,1,0,2,2,0,0,0,1,0,1,2,0,1,0,0,0,3,4,0,0,0,0,0,0,0,0,2,1,1,3,6,3,0,0,2,4,5,5,5,6,4,8,7,10,8,1,1,7,4,6,4,3,2,21,26,26,27,25,24,24,23,11,0,24,19,16,25,17,18,2,20,0,19,11,12,21,13,26,17,22,16,24,21
31,1,1,2,1,0,3,1,0,0,0,1,1,0,2,2,0,0,0,1,0,2,2,0,0,0,0,0,0,0,0,0,0,0,0,1,0,1,1,0,4,4,4,1,5,7,3,1,7,1,0,13,6,13,10,9,10,17,12,9,11,4,13,5,11,16,13,31,7,2,16,4,16,13,19,8,17,8,13,3,11,10,17,47,37,8,35,29,35,25,35,35,25,36,23
32,2,1,2,2,0,2,1,0,0,0,1,1,0,0,0,0,0,0,1,0,3,2,0,0,0,0,0,0,0,0,0,0,0,0,1,0,1,1,0,4,4,4,1,5,7,3,1,7,1,0,5,12,6,11,3,9,7,5,17,16,16,5,1,6,3,15,12,10,3,0,12,14,3,6,11,1,11,8,0,12,1,46,4,8,15,14,0,9,10,13,55,4,14,4
33,1,1,2,0,0,2,1,2,1,1,1,1,0,2,2,0,0,0,1,0,2,2,0,0,0,0,0,3,4,0,0,0,0,0,0,0,0,2,1,1,3,6,3,0,0,2,4,5,5,5,6,4,8,7,10,8,1,1,7,4,6,4,27,28,26,10,16,13,0,19,16,12,12,2,17,15,0,19,21,13,18,0,15,22,0,19,2,19,20,15,19,0,19,11
34,2,1,2,2,0,2,1,0,0,0,1,1,0,0,0,0,0,0,1,0,2,2,0,0,0,0,0,0,0,0,0,0,0,0,1,0,1,1,0,4,4,4,1,5,7,3,1,7,1,0,5,12,6,11,3,9,7,5,17,16,16,5,1,6,3,15,12,10,3,0,12,14,3,6,11,1,11,8,0,12,1,46,4,8,15,14,0,9,10,13,20,51,34,36
35,3,1,2,1,0,2,1,0,0,0,1,1,0,0,0,0,0,0,1,0,3,2,0,0,0,0,0,0,0,0,0,0,0,0,1,0,1,1,0,4,4,4,1,5,7,3,1,7,1,0,5,12,6,11,3,9,7,5,17,16,16,5,1,6,3,15,12,10,3,0,12,14,3,6,11,1,11,8,0,12,1,46,4,8,15,14,0,9,10,13,55,4,14,4
36,0,1,1,1,0,1,1,1,0,0,1,1,0,2,2,0,0,0,1,0,1,2,0,0,0,0,0,3,4,0,0,0,0,0,0,0,0,2,1,1,3,6,3,0,0,2,4,5,5,5,6,4,8,7,10,8,1,1,7,4,6,4,3,2,21,26,26,27,25,24,24,23,11,0,24,19,16,25,17,18,2,20,0,19,11,12,21,13,26,17,22,16,24,21
37,3,1,2,0,0,2,1,2,1,1,1,1,0,2,2,0,0,0,1,0,2,2,0,0,0,0,0,3,4,0,0,0,0,0,0,0,0,2,1,1,3,6,3,0,0,2,4,5,5,5,6,4,8,7,10,8,1,1,7,4,6,4,27,28,26,10,16,13,0,19,16,12,12,2,17,15,0,19,21,13,18,0,15,22,0,19,2,19,20,15,19,0,19,11
38,2,1,1,1,0,0,1,0,0,0,1,1,0,2,2,0,0,0,1,0,2,2,0,0,0,0,0,0,0,0,0,0,0,0,1,0,1,1,0,4,4,4,1,5,7,3,1,7,1,0,13,6,13,10,9,10,17,12,9,11,4,13,5,11,16,13,31,7,2,16,4,16,13,19,8,17,8,13,3,11,10,17,7,12,32,25,20,10,13,11,6,2,25,28
39,2,1,2,0,0,1,1,2,0,1,1,1,0,2,2,0,0,0,1,0,1,2,0,0,0,0,0,3,4,0,0,0,0,0,0,0,0,2,1,1,3,6,3,0,0,2,4,5,5,5,6,4,8,7,10,8,1,1,7,4,6,4,27,28,26,10,16,13,0,19,16,12,12,2,17,15,0,19,21,13,18,0,15,22,0,19,2,19,20,15,19,0,19,11
40,2,1,2,1,0,1,1,0,0,0,1,1,0,2,2,0,0,0,1,0,2,2,0,0,0,0,0,0,0,0,0,0,0,0,1,0,1,1,0,4,4,4,1,5,7,3,1,7,1,0,13,6,13,10,9,10,17,12,9,11,4,13,5,11,16,13,31,7,2,16,4,16,13,19,8,17,8,13,3,11,10,17,7,12,32,25,20,10,13,11,6,2,25,28
41,1,1,2,1,0,1,1,0,0,0,1,1,0,0,0,0,0,0,1,0,1,2,0,0,0,0,0,0,0,0,0,0,0,0,1,0,1,1,0,4,4,4,1,5,7,3,1,7,1,0,5,12,6,11,3,9,7,5,17,16,16,5,1,6,3,15,12,10,3,0,12,14,3,6,11,1,11,8,0,12,1,46,4,8,15,14,0,9,10,13,20,51,34,36
42,0,1,2,1,0,3,1,1,0,0,1,1,0,2,2,0,0,0,1,0,1,2,0,0,0,0,0,3,4,0,0,0,0,0,0,0,0,2,1,1,3,6,3,0,0,2,4,5,5,5,6,4,8,7,10,8,1,1,7,4,6,4,3,2,21,26,26,27,25,24,24,23,11,0,24,19,16,25,17,18,2,20,0,19,11,12,21,13,26,17,22,16,24,21
43,0,1,1,1,1,2,1,2,1,0,1,1,0,2,2,0,0,0,1,1,2,2,0,1,0,0,0,3,4,0,0,0,0,0,0,0,0,2,1,1,3,6,3,0,0,2,4,5,5,5,6,4,8,7,10,8,1,1,7,4,6,4,3,2,21,26,26,27,25,24,24,23,11,0,24,19,16,25,17,18,2,20,0,19,11,12,21,13,26,17,22,16,24,21
44,3,1,2,0,0,1,1,2,1,0,1,1,0,2,2,0,0,0,1,0,2,2,0,0,0,0,0,3,4,0,0,0,0,0,0,0,0,2,1,1,3,6,3,0,0,2,4,5,5,5,6,4,8,7,10,8,1,1,7,4,6,4,27,28,26,10,16,13,0,19,16,12,12,2,17,15,0,19,21,13,18,0,15,22,0,19,2,19,20,15,19,0,19,11
45,2,1,2,2,0,3,1,0,0,0,1,1,0,0,0,0,0,0,1,0,3,2,0,0,0,0,0,0,0,0,0,0,0,0,1,0,1,1,0,4,4,4,1,5,7,3,1,7,1,0,5,12,6,11,3,9,7,5,17,16,16,5,1,6,3,15,12,10,3,0,12,14,3,6,11,1,11,8,0,12,1,46,4,8,15,14,0,9,10,13,55,4,14,4
46,0,1,2,1,0,2,1,1,0,1,1,1,0,2,2,0,0,0,1,0,1,2,0,0,0,0,0,3,4,0,0,0,0,0,0,0,0,2,1,1,3,6,3,0,0,2,4,5,5,5,6,4,8,7,10,8,1,1,7,4,6,4,3,2,21,26,26,27,25,24,24,23,11,0,24,19,16,25,17,18,2,20,0,19,11,12,21,13,26,17,22,16,24,21
47,2,1,1,2,0,2,1,0,0,0,1,1,0,2,2,0,0,0,1,0,2,2,0,0,0,0,0,0,0,0,0,0,0,0,1,0,1,1,0,4,4,4,1,5,7,3,1,7,1,0,13,6,13,10,9,10,17,12,9,11,4,13,5,11,16,13,31,7,2,16,4,16,13,19,8,17,8,13,3,11,10,17,47,37,8,35,29,35,25,35,35,25,36,23
48,2,1,2,1,1,1,1,2,0,2,1,1,0,2,2,0,0,0,1,0,1,2,0,1,0,0,0,3,4,0,0,0,0,0,0,0,0,2,1,1,3,6,3,0,0,2,4,5,5,5,6,4,8,7,10,8,1,1,7,4,6,4,27,10,2,19,9,22,16,10,11,20,17,11,2,20,1,0,12,17,6,22,10,9,21,21,6,11,5,2,16,8,0,22
49,0,1,2,1,0,3,1,1,0,2,1,1,0,2,2,0,0,0,1,0,1,2,0,0,0,0,0,3,4,0,0,0,0,0,0,0,0,2,1,1,3,6,3,0,0,2,4,5,5,5,6,4,8,7,10,8,1,1,7,4,6,4,3,2,21,26,26,27,25,24,24,23,11,0,24,19,16,25,17,18,2,20,0,19,11,12,21,13,26,17,22,16,24,21
50,1,1,2,1,0,0,1,2,1,1,1,1,0,2,2,0,0,0,1,0,2,2,0,0,0,0,0,3,4,0,0,0,0,0,0,0,0,2,1,1,3,6,3,0,0,2,4,5,5,5,6,4,8,7,10,8,1,1,7,4,6,4,27,28,26,10,16,13,0,19,16,12,12,2,17,15,0,19,21,13,18,0,15,22,0,19,2,19,20,15,19,0,19,11
51,1,1,2,1,0,0,1,0,0,0,1,1,0,2,2,0,0,0,1,0,1,2,0,0,0,0,0,0,0,0,0,0,0,0,1,0,1,1,0,4,4,4,1,5,7,3,1,7,1,0,13,6,13,10,9,10,17,12,9,11,4,13,5,11,16,13,31,7,2,16,4,16,13,19,8,17,8,13,3,11,10,17,7,12,32,25,20,10,13,11,6,2,25,28
52,3,1,2,1,0,1,1,0,0,0,1,1,0,0,0,0,0,0,1,0,3,2,0,0,0,0,0,0,0,0,0,0,0,0,1,0,1,1,0,4,4,4,1,5,7,3,1,7,1,0,5,12,6,11,3,9,7,5,17,16,16,5,1,6,3,15,12,10,3,0,12,14,3,6,11,1,11,8,0,12,1,46,4,8,15,14,0,9,10,13,55,4,14,4
53,2,1,2,1,0,1,1,0,0,0,1,1,0,2,2,0,0,0,1,0,3,2,0,0,0,0,0,0,0,0,0,0,0,0,1,0,1,1,0,4,4,4,1,5,7,3,1,7,1,0,13,6,13,10,9,10,17,12,9,11,4,13,5,11,16,13,31,7,2,16,4,16,13,19,8,17,8,13,3,11,10,17,7,12,32,25,20,10,13,11,6,2,25,28
54,3,1,2,2,0,2,1,0,0,0,1,1,0,0,0,0,0,0,1,0,2,2,0,0,0,0,0,0,0,0,0,0,0,0,1,0,1,1,0,4,4,4,1,5,7,3,1,7,1,0,5,12,6,11,3,9,7,5,17,16,16,5,1,6,3,15,12,10,3,0,12,14,3,6,11,1,11,8,0,12,1,46,4,8,15,14,0,9,10,13,55,4,14,4
55,1,1,2,1,1,3,1,2,0,1,1,1,0,2,2,0,0,0,1,1,1,2,0,1,0,0,0,3,4,0,0,0,0,0,0,0,0,2,1,1,3,6,3,0,0,2,4,5,5,5,6,4,8,7,10,8,1,1,7,4,6,4,3,2,21,26,26,27,25,24,24,23,11,0,24,19,16,25,17,18,2,20,0,19,11,12,21,13,26,17,22,16,24,21
56,3,1,1,1,0,3,1,0,0,0,1,1,0,2,2,0,0,0,1,0,2,2,0,0,0,0,0,0,0,0,0,0,0,0,1,0,1,1,0,4,4,4,1,5,7,3,1,7,1,0,13,6,13,10,9,10,17,12,9,11,4,13,5,11,16,13,31,7,2,16,4,16,13,19,8,17,8,13,3,11,10,17,47,37,8,35,29,35,25,35,35,25,36,23
57,2,1,2,2,0,1,1,0,0,0,1,1,0,0,0,0,0,0,1,0,2,2,0,0,0,0,0,0,0,0,0,0,0,0,1,0,1,1,0,4,4,4,1,5,7,3,1,7,1,0,5,12,6,11,3,9,7,5,17,16,16,5,1,6,3,15,12,10,3,0,12,14,3,6,11,1,11,8,0,12,1,46,4,8,15,14,0,9,10,13,20,51,34,36
58,3,1,1,2,0,2,1,0,0,0,1,1,0,2,2,0,0,0,1,0,2,2,0,0,0,0,0,0,0,0,0,0,0,0,1,0,1,1,0,4,4,4,1,5,7,3,1,7,1,0,13,6,13,10,9,10,17,12,9,11,4,13,5,11,16,13,31,7,2,16,4,16,13,19,8,17,8,13,3,11,10,17,47,37,8,35,29,35,25,35,35,25,36,23
59,1,1,2,2,0,1,1,0,0,0,1,1,0,0,0,0,0,0,1,0,1,2,0,0,0,0,0,0,0,0,0,0,0,0,1,0,1,1,0,4,4,4,1,5,7,3,1,7,1,0,5,12,6,11,3,9,7,5,17,16,16,5,1,6,3,15,12,10,3,0,12,14,3,6,11,1,11,8,0,12,1,46,4,8,15,14,0,9,10,13,20,51,34,36
60,2,1,2,2,0,3,1,0,0,0,1,1,0,2,2,0,0,0,1,0,2,2,0,0,0,0,0,0,0,0,0,0,0,0,1,0,1,1,0,4,4,4,1,5,7,3,1,7,1,0,13,6,13,10,9,10,17,12,9,11,4,13,5,11,16,13,31,7,2,16,4,16,13,19,8,17,8,13,3,11,10,17,47,37,8,35,29,35,25,35,35,25,36,23
61,3,1,1,1,0,0,1,0,0,0,1,1,0,2,2,0,0,0,1,0,3,2,0,0,0,0,0,0,0,0,0,0,0,0,1,0,1,1,0,4,4,4,1,5,7,3,1,7,1,0,13,6,13,10,9,10,17,12,9,11,4,13,5,11,16,13,31,7,2,16,4,16,13,19,8,17,8,13,3,11,10,17,7,12,32,25,20,10,13,11,6,2,25,28
62,2,1,2,0,0,1,1,2,0,0,1,1,0,2,2,0,0,0,1,0,1,2,0,0,0,0,0,3,4,0,0,0,0,0,0,0,0,2,1,1,3,6,3,0,0,2,4,5,5,5,6,4,8,7,10,8,1,1,7,4,6,4,27,28,26,10,16,13,0,19,16,12,12,2,17,15,0,19,21,13,18,0,15,22,0,19,2,19,20,15,19,0,19,11
63,3,1,1,1,0,1,1,0,0,0,1,1,0,2,2,0,0,0,1,0,3,2,0,0,0,0,0,0,0,0,0,0,0,0,1,0,1,1,0,4,4,4,1,5,7,3,1,7,1,0,13,6,13,10,9,10,17,12,9,11,4,13,5,11,16,13,31,7,2,16,4,16,13,19,8,17,8,13,3,11,10,17,7,12,32,25,20,10,13,11,6,2,25,28
64,2,1,2,2,0,1,1,0,0,0,1,1,0,0,0,0,0,0,1,0,1,2,0,0,0,0,0,0,0,0,0,0,0,0,1,0,1,1,0,4,4,4,1,5,7,3,1,7,1,0,5,12,6,11,3,9,7,5,17,16,16,5,1,6,3,15,12,10,3,0,12,14,3,6,11,1,11,8,0,12,1,46,4,8,15,14,0,9,10,13,20,51,34,36
65,1,1,2,0,0,0,1,2,1,0,1,1,0,2,2,0,0,0,1,0,2,2,0,0,0,0,0,3,4,0,0,0,0,0,0,0,0,2,1,1,3,6,3,0,0,2,4,5,5,5,6,4,8,7,10,8,1,1,7,4,6,4,27,28,26,10,16,13,0,19,16,12,12,2,17,15,0,19,21,13,18,0,15,22,0,19,2,19,20,15,19,0,19,11
66,3,1,2,1,0,2,1,0,0,0,1,1,0,0,0,0,0,0,1,0,2,2,0,0,0,0,0,0,0,0,0,0,0,0,1,0,1,1,0,4,4,4,1,5,7,3,1,7,1,0,5,12,6,11,3,9,7,5,17,16,16,5,1,6,3,15,12,10,3,0,12,14,3,6,11,1,11,8,0,12,1,46,4,8,15,14,0,9,10,13,55,4,14,4
67,3,1,2,1,0,3,1,0,0,0,1,1,0,0,0,0,0,0,1,0,3,2,0,0,0,0,0,0,0,0,0,0,0,0,1,0,1,1,0,4,4,4,1,5,7,3,1,7,1,0,5,12,6,11,3,9,7,5,17,16,16,5,1,6,3,15,12,10,3,0,12,14,3,6,11,1,11,8,0,12,1,46,4,8,15,14,0,9,10,13,55,4,14,4
68,3,1,1,0,0,2,1,2,1,2,1,1,0,2,2,0,0,0,1,0,2,2,0,0,0,0,0,3,4,0,0,0,0,0,0,0,0,2,1,1,3,6,3,0,0,2,4,5,5,5,6,4,8,7,10,8,1,1,7,4,6,4,27,28,26,10,16,13,0,19,16,12,12,2,17,15,0,19,21,13,18,0,15,22,0,19,2,19,20,15,19,0,19,11
69,3,1,2,2,0,2,1,0,0,0,1,1,0,0,0,0,0,0,1,0,3,2,0,0,0,0,0,0,0,0,0,0,0,0,1,0,1,1,0,4,4,4,1,5,7,3,1,7,1,0,5,12,6,11,3,9,7,5,17,16,16,5,1,6,3,15,12,10,3,0,12,14,3,6,11,1,11,8,0,12,1,46,4,8,15,14,0,9,10,13,55,4,14,4
70,4,0,0,1,0,1,3,1,1,2,0,1,0,2,2,0,0,0,1,0,0,0,0,0,0,1,0,0,0,0,0,0,0,0,0,0,1,0,3,0,0,1,0,8,9,8,8,6,6,8,8,1,10,8,1,11,11,9,1,10,9,9,14,14,4,2,11,3,14,6,13,15,0,1,1,22,20,15,9,5,8,1,3,11,16,1,22,4,4,6,9,3,3,1
71,4,0,0,1,0,1,3,1,1,2,0,1,0,2,2,0,0,0,1,0,0,0,0,0,0,1,0,0,0,0,0,0,0,0,0,0,1,0,3,0,0,1,0,8,9,8,8,6,6,8,8,1,10,8,1,11,11,9,1,10,9,9,14,14,4,2,11,3,14,6,13,15,0,1,1,22,20,15,9,5,8,1,3,11,16,1,22,4,4,6,9,3,3,1
72,3,1,0,0,0,3,0,1,1,2,1,0,0,2,2,0,0,0,1,0,0,3,0,0,0,1,0,0,4,0,0,0,0,0,0,0,0,2,2,2,5,5,6,6,6,7,9,8,9,10,1,7,7,12,8,7,10,3,19,21,22,21,20,8,20,23,25,20,24,1,23,26,25,14,38,38,30,38,38,41,39,11,38,42,41,42,40,40,47,46,33,47,50,13
73,5,0,0,2,0,1,3,1,1,2,0,1,0,2,2,0,0,0,1,0,0,0,0,0,0,1,0,0,0,0,0,0,0,0,0,0,1,0,3,0,0,1,0,8,9,8,8,6,6,8,8,1,10,8,1,11,11,9,1,10,9,9,14,14,4,2,11,3,14,6,13,15,0,1,1,22,20,15,9,5,8,1,3,11,16,1,22,4,4,6,9,3,3,1
74,5,0,0,2,0,2,3,1,1,1,0,1,0,2,2,0,0,0,1,0,0,0,0,0,0,1,0,0,0,0,0,0,0,0,0,0,1,0,3,0,0,1,0,8,9,8,8,6,6,8,8,1,10,8,1,11,11,9,1,10,9,9,14,14,4,2,11,3,14,6,13,15,0,1,1,22,20,15,9,5,8,1,3,11,16,1,22,4,4,6,9,3,3,1
75,4,0,0,1,0,3,2,1,0,1,0,1,0,2,2,0,0,0,1,0,0,0,0,0,0,1,0,0,0,0,0,0,0,0,0,0,1,0,3,0,0,1,0,8,9,8,8,6,6,8,8,1,10,8,1,11,11,9,1,10,9,9,14,14,4,2,11,3,14,6,13,15,0,1,1,22,20,15,9,5,8,1,3,11,16,1,22,4,4,6,9,3,3,58
76,5,0,0,1,1,3,3,1,0,2,1,1,2,0,1,0,0,0,1,1,0,3,0,0,0,1,0,0,4,0,0,0,0,0,0,0,0,2,2,2,5,5,6,6,6,7,9,8,9,10,1,7,7,12,8,7,10,3,19,21,22,21,20,8,20,23,25,20,24,1,23,26,25,38,22,32,37,30,27,16,16,38,25,20,38,2,42,39,35,40,1,39,43,39
77,6,0,1,1,1,2,0,1,1,0,1,0,0,2,1,0,0,0,1,1,0,3,0,0,0,1,0,0,4,0,0,0,0,0,0,0,0,2,2,2,5,5,6,6,6,7,9,8,9,10,1,7,7,12,8,7,21,19,8,5,11,11,9,0,14,18,14,2,9,9,8,9,15,13,6,8,32,5,32,31,9,12,29,31,34,38,25,0,28,27,31,32,8,27
78,5,1,0,0,0,3,2,1,0,0,1,1,0,2,2,0,0,0,1,1,0,3,0,0,0,1,0,0,4,0,0,0,0,0,0,0,0,2,2,2,5,5,6,6,6,7,9,8,9,10,1,7,7,12,8,7,21,19,8,5,11,11,9,0,14,18,14,2,9,9,8,9,15,13,39,30,6,22,13,15,17,19,16,21,6,7,13,22,15,16,29,20,2,17
79,5,1,0,1,0,1,3,1,1,0,1,1,2,0,1,0,0,0,1,1,0,3,0,0,0,1,0,0,4,0,0,0,0,0,0,0,0,2,2,2,5,5,6,6,6,7,9,8,9,10,1,7,7,12,8,7,10,3,19,21,22,21,20,8,20,23,25,20,24,1,23,26,25,38,22,32,37,30,27,16,16,38,25,20,38,2,42,39,35,40,1,39,43,39
80,4,0,1,0,1,2,3,1,1,2,1,0,0,2,2,0,0,0,1,1,0,3,0,0,0,1,0,0,4,0,0,0,0,0,0,0,0,2,2,2,5,5,6,6,6,7,9,8,9,10,1,7,7,12,8,7,21,19,8,5,11,11,9,0,14,18,14,2,9,9,8,9,15,13,39,30,6,22,13,15,17,19,16,21,6,7,13,22,15,16,29,20,2,17
81,4,1,0,0,0,3,2,1,1,1,1,1,2,0,1,0,0,0,1,1,0,3,0,0,0,1,0,0,4,0,0,0,0,0,0,0,0,2,2,2,5,5,6,6,6,7,9,8,9,10,1,7,7,12,8,7,10,3,19,21,22,21,20,8,20,23,25,20,24,1,23,26,25,38,22,32,37,30,27,16,16,38,25,20,38,2,42,39,35,40,1,39,43,39
82,4,0,0,1,0,2,0,1,1,0,0,1,0,2,2,0,0,0,1,0,0,0,0,0,0,1,0,0,0,0,0,0,0,0,0,0,1,0,3,0,0,1,0,8,9,8,8,6,6,8,8,1,10,8,1,11,11,9,1,10,9,9,14,14,4,2,11,3,14,6,13,15,0,1,1,22,20,15,9,5,8,1,3,11,16,1,22,4,4,6,9,3,3,58
83,3,1,0,0,0,2,0,2,0,1,1,1,2,0,1,0,0,0,1,0,0,3,0,0,0,1,0,0,4,0,0,0,0,0,0,0,0,2,2,2,5,5,6,6,6,7,9,8,9,10,1,7,7,12,8,7,10,3,19,21,22,21,20,8,20,23,25,20,24,1,23,26,25,14,38,38,30,38,38,41,39,11,38,42,41,42,40,40,47,46,33,47,50,13
84,5,0,0,1,0,3,2,1,0,1,0,1,0,2,2,0,0,0,1,0,0,0,0,0,0,1,0,0,0,0,0,0,0,0,0,0,1,0,3,0,0,1,0,8,9,8,8,6,6,8,8,1,10,8,1,11,11,9,1,10,9,9,14,14,4,2,11,3,14,6,13,15,0,1,1,22,20,15,9,5,8,1,3,11,16,1,22,4,4,6,9,3,3,58
85,4,0,0,1,0,3,3,1,1,0,0,1,0,2,2,0,0,0,1,0,0,0,0,0,0,1,0,0,0,0,0,0,0,0,0,0,1,0,3,0,0,1,0,8,9,8,8,6,6,8,8,1,10,8,1,11,11,9,1,10,9,9,14,14,4,2,11,3,14,6,13,15,0,1,1,22,20,15,9,5,8,1,3,11,16,1,22,4,4,6,9,3,3,58
86,4,0,0,1,0,3,2,1,0,2,0,1,0,2,2,0,0,0,1,0,0,0,0,0,0,1,0,0,0,0,0,0,0,0,0,0,1,0,3,0,0,1,0,8,9,8,8,6,6,8,8,1,10,8,1,11,11,9,1,10,9,9,14,14,4,2,11,3,14,6,13,15,0,1,1,22,20,15,9,5,8,1,3,11,16,1,22,4,4,6,9,3,3,58
87,4,0,0,1,0,1,2,1,1,2,0,1,0,2,2,0,0,0,1,0,0,0,0,0,0,1,0,0,0,0,0,0,0,0,0,0,1,0,3,0,0,1,0,8,9,8,8,6,6,8,8,1,10,8,1,11,11,9,1,10,9,9,14,14,4,2,11,3,14,6,13,15,0,1,1,22,20,15,9,5,8,1,3,11,16,1,22,4,4,6,9,3,3,1
88,4,0,0,1,0,1,2,1,0,0,0,1,0,2,2,0,0,0,1,0,0,0,0,0,0,1,0,0,0,0,0,0,0,0,0,0,1,0,3,0,0,1,0,8,9,8,8,6,6,8,8,1,10,8,1,11,11,9,1,10,9,9,14,14,4,2,11,3,14,6,13,15,0,1,1,22,20,15,9,5,8,1,3,11,16,1,22,4,4,6,9,3,3,58
89,3,0,0,1,0,3,2,1,0,0,0,1,0,2,2,0,0,0,1,0,0,0,0,0,0,1,0,0,0,0,0,0,0,0,0,0,1,0,3,3,1,3,2,7,4,6,2,1,0,14,14,13,11,17,12,0,14,14,18,15,14,18,18,18,7,12,20,24,23,21,21,36,37,35,36,39,31,40,42,43,44,45,45,47,44,49,50,51,37,36,48,23,54,51
90,5,0,0,1,1,3,3,1,0,1,0,1,0,2,2,0,0,1,0,0,0,0,0,0,0,0,0,0,0,0,0,0,0,0,0,0,1,0,3,0,0,1,0,8,9,8,8,6,6,8,8,1,10,8,1,11,11,9,1,10,9,9,14,14,4,2,11,3,14,6,13,15,0,1,1,22,20,15,9,5,8,1,3,11,16,1,22,4,4,6,9,3,3,58
91,6,0,1,0,1,0,0,0,1,2,0,1,0,2,2,0,0,1,0,0,0,0,0,0,0,0,0,0,0,0,0,0,0,0,0,0,1,0,3,0,0,1,0,8,9,8,8,6,6,8,8,1,10,8,1,11,11,9,1,10,25,25,24,24,24,22,24,26,21,27,2,25,19,26,27,29,23,26,2,28,28,25,14,33,4,29,23,25,27,33,23,5,37,14
92,1,1,0,1,0,3,3,1,2,0,0,1,0,2,2,0,0,1,0,0,0,0,0,0,0,0,0,0,0,0,0,0,0,0,0,0,1,0,3,3,1,3,2,1,2,4,6,0,7,2,3,3,2,1,0,20,2,2,6,3,5,6,6,12,11,25,18,14,19,11,7,4,22,21,19,21,7,3,16,23,19,9,28,6,20,3,49,50,49,49,50,52,53,54
93,6,1,1,0,0,2,2,0,1,2,0,1,0,2,2,0,0,1,0,0,0,0,0,0,0,0,0,0,0,0,0,0,0,0,0,0,1,0,3,0,0,1,0,8,9,8,8,6,6,8,8,1,10,8,1,11,11,9,1,10,25,25,24,24,24,22,24,26,21,27,2,25,19,26,27,29,23,26,2,28,28,25,14,33,4,29,23,25,27,33,23,5,37,14
94,4,1,1,0,0,2,2,0,2,0,0,1,0,2,2,0,0,1,0,0,0,0,0,0,0,0,0,0,0,0,0,0,0,0,0,0,1,0,3,0,0,1,0,8,9,8,8,6,6,8,8,1,10,8,1,11,11,9,1,10,9,9,14,14,4,2,11,3,14,6,13,15,0,1,1,22,20,15,9,5,8,1,3,11,16,1,22,4,4,6,9,3,3,58
95,6,0,0,1,1,1,1,1,0,2,0,1,0,2,2,0,0,1,0,0,0,0,0,0,0,0,0,0,0,0,0,0,0,0,0,0,1,0,3,0,0,1,0,8,9,8,8,6,6,8,8,1,10,8,1,11,11,9,1,10,25,25,24,24,24,22,24,26,21,27,2,25,19,26,27,29,23,26,2,28,28,25,14,33,4,29,23,25,27,33,23,5,37,14
96,2,1,1,0,0,2,2,0,0,1,0,1,0,2,2,0,0,1,0,0,0,0,0,0,0,0,0,0,0,0,0,0,0,0,0,0,1,0,3,3,1,3,2,7,4,6,2,1,0,6,0,10,1,9,11,6,9,11,2,0,7,22,19,5,15,21,21,23,12,20,19,19,36,15,14,4,25,42,25,21,23,41,40,14,39,36,32,37,11,31,37,26,27,26
97,6,1,0,1,0,1,1,1,1,2,0,1,0,2,2,0,0,1,0,0,0,0,0,0,0,0,0,0,0,0,0,0,0,0,0,0,1,0,3,0,0,1,0,8,9,8,8,6,6,8,8,1,10,8,1,11,11,9,1,10,25,25,24,24,24,22,24,26,21,27,2,25,19,26,27,29,23,26,2,28,28,25,14,33,4,29,23,25,27,33,23,5,37,14
98,5,1,0,1,0,1,1,1,0,1,0,1,0,2,2,0,0,1,0,0,0,0,0,0,0,0,0,0,0,0,0,0,0,0,0,0,1,0,3,0,0,1,0,8,9,8,8,6,6,8,8,1,10,8,1,11,11,9,1,10,25,25,24,24,24,22,24,26,21,27,2,25,19,26,27,29,23,26,2,28,28,25,14,33,4,29,23,25,27,33,23,5,37,14
99,1,1,0,1,0,1,1,1,2,0,0,1,0,2,2,0,0,1,0,0,0,0,0,0,0,0,0,0,0,0,0,0,0,0,0,0,1,0,3,3,1,3,2,7,4,6,2,1,12,13,11,15,15,15,13,17,18,15,12,9,20,0,17,21,19,17,30,31,31,30,34,33,33,34,35,36,35,36,36,39,38,39,37,27,28,43,4,42,44,43,45,49,44,45
100,6,0,2,0,1,2,1,0,1,2,0,1,2,0,1,0,1,2,0,0,0,0,0,0,0,0,0,0,0,1,1,0,0,0,0,0,1,0,3,0,0,1,7,2,5,9,5,4,2,1,4,0,5,4,19,12,6,0,11,12,0,10,16,9,8,1,13,9,5,8,5,3,7,12,12,10,2,10,4,3,15,3,1,3,14,6,10,49,48,47,46,44,49,48
101,2,0,2,1,1,1,1,1,1,2,0,1,2,0,1,0,1,2,0,0,0,0,0,0,0,0,0,0,0,1,1,0,0,0,0,0,1,0,3,3,1,3,2,1,2,4,6,0,7,2,3,3,2,1,0,5,15,16,14,8,13,2,13,13,10,0,15,16,1,12,32,28,20,27,29,25,22,28,26,6,26,26,31,34,22,26,30,16,7,22,18,1,28,25
102,1,0,2,1,1,3,2,1,0,1,0,1,1,0,1,0,0,2,0,0,0,0,0,0,0,0,0,0,0,1,1,0,0,0,0,0,1,0,3,3,1,3,2,1,2,4,6,0,7,2,3,3,2,1,0,20,2,2,6,3,5,6,6,12,29,5,6,5,6,4,9,7,5,5,4,7,41,9,5,7,11,7,6,10,9,16,8,8,0,1,13,56,7,15
103,4,1,2,2,0,2,2,1,0,1,0,1,1,0,1,0,1,2,0,0,0,0,0,0,0,0,0,0,0,1,1,0,0,0,0,0,1,0,3,0,0,1,7,2,5,9,5,4,2,1,4,0,5,4,4,2,4,22,3,6,8,7,0,7,0,7,7,12,4,7,1,8,2,9,7,6,38,35,31,35,35,35,35,32,33,0,37,31,39,34,36,36,38,31
104,1,0,2,0,1,0,0,1,0,1,0,1,1,0,1,0,0,2,0,0,0,0,0,0,0,0,0,0,0,1,1,0,0,0,0,0,1,0,3,3,1,3,2,7,4,6,2,1,0,6,0,10,1,9,11,6,9,11,2,0,7,22,19,5,15,21,21,23,12,20,19,19,36,15,14,4,25,18,41,36,41,23,12,40,3,41,41,38,40,38,41,40,39,41
105,2,1,2,0,0,3,0,1,0,1,0,1,1,0,1,0,0,2,0,0,0,0,0,0,0,0,0,0,0,1,1,0,0,0,0,0,1,0,3,3,1,3,2,7,4,6,2,1,0,6,0,10,1,9,11,6,9,11,2,0,7,22,19,5,15,21,21,23,12,20,19,19,36,15,14,4,25,18,41,36,41,23,12,40,3,41,41,38,40,38,41,40,39,41
106,2,1,2,1,0,2,0,1,0,1,0,1,2,0,1,0,0,2,0,0,0,0,0,0,0,0,0,0,0,1,1,0,0,0,0,0,1,0,3,3,1,3,2,7,4,6,2,1,0,6,0,10,1,9,11,6,9,11,2,0,7,22,19,5,15,21,21,23,12,20,19,19,36,15,14,4,25,18,41,36,41,23,12,40,3,41,41,38,40,38,41,40,39,41
107,4,1,2,2,0,2,1,0,1,2,0,1,1,0,1,0,0,2,0,0,0,0,0,0,0,0,0,0,0,1,1,0,0,0,0,0,1,0,3,0,0,1,7,2,5,9,5,4,2,1,4,0,5,4,19,12,6,0,11,12,0,10,16,9,8,1,13,9,5,8,5,3,7,12,12,10,2,10,4,3,15,3,1,3,14,6,10,49,48,47,46,44,49,48
108,4,1,2,0,0,1,2,1,0,1,0,1,2,0,1,0,0,2,0,0,0,0,0,0,0,0,0,0,0,1,1,0,0,0,0,0,1,0,3,0,0,1,7,2,5,9,5,4,2,1,4,0,5,4,4,2,4,22,3,6,8,7,0,7,0,7,7,12,4,7,1,8,2,9,7,6,38,35,31,35,35,35,35,32,33,0,37,31,39,34,36,36,38,31
109,5,1,2,1,0,3,2,1,0,1,0,1,1,0,1,0,0,2,0,0,0,0,0,0,0,0,0,0,0,1,1,0,0,0,0,0,1,0,3,0,0,1,7,2,5,1,0,10,4,3,7,2,14,6,5,1,0,7,0,2,10,8,11,1,5,4,4,6,11,3,14,1,9,7,5,5,4,1,6,44,37,21,8,0,12,5,7,17,18,23,5,24,18,3
110,1,1,2,2,1,3,3,1,0,2,1,1,2,0,1,0,0,0,0,0,0,0,0,0,0,0,0,0,0,0,0,0,0,0,0,0,1,0,3,3,1,3,2,1,2,4,6,0,7,2,3,3,2,1,0,20,2,2,6,3,5,6,6,12,11,25,18,14,19,11,7,4,22,21,19,21,7,3,16,23,19,9,28,6,20,50,18,21,14,54,17,18,20,16
111,2,0,2,1,0,2,3,1,1,1,0,1,2,0,1,0,0,0,0,0,0,0,0,0,0,0,0,0,0,0,0,0,0,0,0,0,1,0,3,3,1,3,2,1,2,4,6,0,7,2,3,3,2,1,0,20,2,2,6,3,5,6,6,12,29,5,6,5,6,4,9,7,5,5,4,7,41,9,5,7,11,7,6,10,9,16,8,8,0,1,13,56,7,15
112,2,0,2,1,0,2,3,1,1,0,0,1,2,0,1,1,0,0,0,0,0,0,0,0,0,0,0,0,0,0,0,0,0,0,0,0,1,0,3,3,1,3,2,1,2,4,6,0,7,2,3,3,2,1,0,20,2,2,6,3,5,6,6,12,29,5,6,5,6,4,9,7,5,5,4,7,41,9,5,7,11,7,6,10,9,16,8,8,0,1,13,56,7,15
113,2,0,2,1,0,1,0,1,2,0,0,1,2,0,1,1,0,0,0,0,0,0,0,0,0,0,0,0,0,0,0,0,0,0,0,0,1,0,3,3,1,3,2,1,2,4,6,0,7,2,3,3,2,1,0,5,15,16,14,8,13,2,13,13,10,0,15,16,1,12,32,28,20,27,29,25,22,28,26,6,26,26,31,34,22,26,30,16,7,22,18,1,28,25
114,1,1,2,2,1,3,3,1,1,1,1,1,2,0,1,0,0,0,0,0,0,0,0,0,0,0,0,0,0,0,0,0,0,0,0,0,1,0,3,3,1,3,2,1,2,4,6,0,7,2,3,3,2,1,0,20,2,2,6,3,5,6,6,12,11,25,18,14,19,11,7,4,22,21,19,21,7,3,16,23,19,9,28,6,20,50,18,21,14,54,17,18,20,16
115,1,1,2,1,0,2,3,1,0,2,0,1,2,0,1,1,0,0,0,0,0,0,0,0,0,0,0,0,0,0,0,0,0,0,0,0,1,0,3,3,1,3,2,1,2,4,6,0,7,2,3,3,2,1,0,20,2,2,6,3,5,6,6,12,29,5,6,5,6,4,9,7,5,5,4,7,41,9,5,7,11,7,6,10,9,16,8,8,0,1,13,10,52,43
116,0,1,2,2,1,3,3,1,2,1,0,1,2,0,1,0,0,0,0,0,0,0,0,0,0,0,0,0,0,0,0,0,0,0,0,0,1,0,3,3,1,3,2,1,2,4,6,0,7,2,3,3,2,1,0,20,2,2,6,3,5,6,6,12,11,25,18,14,19,11,7,4,22,21,19,21,7,3,16,23,19,9,28,6,20,50,18,21,14,54,17,18,20,16
117,2,0,2,1,0,2,3,1,0,0,0,1,2,0,1,1,0,0,0,0,0,0,0,0,0,0,0,0,0,0,0,0,0,0,0,0,1,0,3,3,1,3,2,1,2,4,6,0,7,2,3,3,2,1,0,20,2,2,6,3,5,6,6,12,29,5,6,5,6,4,9,7,5,5,4,7,41,9,5,7,11,7,6,10,9,16,8,8,0,1,13,56,7,15
118,1,0,2,1,0,2,3,1,1,1,0,1,2,0,1,1,0,0,0,0,0,0,0,0,0,0,0,0,0,0,0,0,0,0,0,0,1,0,3,3,1,3,2,1,2,4,6,0,7,2,3,3,2,1,0,20,2,2,6,3,5,6,6,12,29,5,6,5,6,4,9,7,5,5,4,7,41,9,5,7,11,7,6,10,9,16,8,8,0,1,13,56,7,15
119,2,1,2,1,0,3,3,1,0,2,0,1,2,0,1,1,0,0,0,0,0,0,0,0,0,0,0,0,0,0,0,0,0,0,0,0,1,0,3,3,1,3,2,1,2,4,6,0,7,2,3,3,2,1,0,20,2,2,6,3,5,6,6,12,29,5,6,5,6,4,9,7,5,5,4,7,41,9,5,7,11,7,6,10,9,16,8,8,0,1,13,10,52,43
120,5,0,2,1,0,2,2,1,0,1,0,1,2,0,1,0,0,0,1,0,3,1,1,0,0,0,0,0,0,0,0,0,0,0,0,0,1,1,0,4,2,2,4,4,3,0,3,3,10,12,10,8,12,3,16,13,12,4,5,13,15,15,4,20,1,11,17,15,13,17,18,18,35,36,33,35,33,2,35,32,30,37,32,28,31,40,34,41,23,8,40,37,41,38
121,1,1,2,1,0,3,3,1,1,2,0,1,2,0,1,1,0,0,0,0,0,0,0,0,0,0,0,0,0,0,0,0,0,0,0,0,1,0,3,3,1,3,2,1,2,4,6,0,7,2,3,3,2,1,0,20,2,2,6,3,5,6,6,12,11,25,18,14,19,11,7,4,22,21,19,21,7,3,16,23,19,9,28,6,20,50,18,21,14,54,17,18,20,16
122,1,0,2,1,0,3,3,1,2,0,0,1,2,0,1,1,0,0,0,0,0,0,0,0,0,0,0,0,0,0,0,0,0,0,0,0,1,0,3,3,1,3,2,1,2,4,6,0,7,2,3,3,2,1,0,20,2,2,6,3,5,6,6,12,29,5,6,5,6,4,9,7,5,5,4,7,41,9,5,7,11,7,6,10,9,16,8,8,0,1,13,56,7,15
123,4,0,2,1,0,1,3,1,0,0,0,1,2,0,1,1,0,0,1,0,3,1,1,0,0,0,0,0,0,0,0,0,0,0,0,0,1,1,0,4,2,2,4,4,3,0,3,3,10,12,10,8,12,3,16,13,12,4,5,13,15,15,4,20,1,11,17,15,13,17,18,18,35,36,33,35,33,2,35,32,30,37,32,28,31,40,34,41,23,8,40,37,41,38
124,1,0,2,1,0,2,3,1,0,1,0,1,2,0,1,1,0,0,0,0,0,0,0,0,0,0,0,0,0,0,0,0,0,0,0,0,1,0,3,3,1,3,2,1,2,4,6,0,7,2,3,3,2,1,0,20,2,2,6,3,5,6,6,12,29,5,6,5,6,4,9,7,5,5,4,7,41,9,5,7,11,7,6,10,9,16,8,8,0,1,13,56,7,15
125,4,1,2,1,0,3,3,1,0,2,0,1,2,0,1,0,0,0,1,0,3,1,1,0,0,0,0,0,0,0,0,0,0,0,0,0,1,1,0,4,2,2,4,4,3,0,3,3,10,12,10,8,12,3,16,13,12,4,5,13,15,15,4,20,1,11,17,15,13,17,18,35,21,8,20,9,18,17,20,10,20,15,21,1,19,20,11,26,24,29,10,22,21,9
126,2,0,2,1,0,3,3,1,0,0,0,1,2,0,1,1,0,0,0,0,0,0,0,0,0,0,0,0,0,0,0,0,0,0,0,0,1,0,3,3,1,3,2,1,2,4,6,0,7,2,3,3,2,1,0,20,2,2,6,3,5,6,6,12,29,5,6,5,6,4,9,7,5,5,4,7,41,9,5,7,11,7,6,10,9,16,8,8,0,1,13,56,7,15
127,0,1,1,1,1,2,2,0,2,1,1,1,2,0,1,0,0,0,0,0,0,0,0,0,0,0,0,0,0,0,0,0,0,0,0,0,1,0,3,3,1,3,2,1,2,4,6,0,7,2,3,3,2,1,0,20,2,2,6,3,5,6,6,12,11,25,18,14,19,11,7,4,22,21,19,21,7,3,16,23,19,9,28,6,20,50,18,21,14,54,17,18,20,16
128,1,1,1,1,1,2,0,0,0,2,0,1,2,0,1,0,0,0,0,0,0,0,0,0,0,0,0,0,0,0,0,0,0,0,0,0,1,0,3,3,1,3,2,7,4,6,2,1,0,6,0,10,1,9,11,6,9,11,2,0,7,22,19,5,15,21,21,23,12,20,19,19,36,15,14,4,25,42,25,21,23,41,40,14,39,36,32,37,11,31,37,26,27,26
129,1,1,2,1,0,1,0,1,2,2,0,1,2,0,1,1,0,0,0,0,0,0,0,0,0,0,0,0,0,0,0,0,0,0,0,0,1,0,3,3,1,3,2,1,2,4,6,0,7,2,3,3,2,1,0,5,15,16,14,8,13,2,13,13,10,0,15,16,1,12,32,28,20,27,29,25,22,28,26,6,26,26,31,34,22,26,30,16,7,22,18,1,28,25
130,1,0,2,1,0,1,3,1,0,0,0,1,2,0,1,0,0,0,1,0,3,1,1,0,0,0,0,0,0,0,0,0,0,0,0,0,1,1,0,4,4,4,1,5,7,3,1,7,1,0,5,12,6,11,3,9,7,5,17,16,16,5,1,6,3,15,12,10,3,0,12,14,3,6,11,1,11,8,0,12,1,10,46,46,47,47,48,48,50,51,51,50,51,52
131,2,0,2,1,0,3,3,1,1,1,0,1,2,0,1,1,0,0,0,0,0,0,0,0,0,0,0,0,0,0,0,0,0,0,0,0,1,0,3,3,1,3,2,1,2,4,6,0,7,2,3,3,2,1,0,20,2,2,6,3,5,6,6,12,29,5,6,5,6,4,9,7,5,5,4,7,41,9,5,7,11,7,6,10,9,16,8,8,0,1,13,56,7,15
132,3,0,2,1,0,2,3,2,2,1,0,1,2,0,1,0,0,0,1,0,0,3,1,1,0,0,0,0,0,0,0,0,0,0,0,0,1,0,3,0,0,1,7,2,5,1,0,10,4,3,7,2,0,16,18,16,19,18,15,17,23,20,25,22,27,24,5,25,26,28,25,24,18,29,25,23,10,6,30,22,27,2,23,24,29,37,9,34,30,32,7,33,32,29
133,2,1,2,2,1,3,1,1,1,0,1,1,2,0,1,0,0,0,0,0,0,0,0,0,0,0,0,0,0,0,0,0,0,0,0,0,1,0,3,3,1,3,2,1,2,4,6,0,7,2,3,3,2,1,0,5,15,16,14,8,13,2,13,13,10,0,15,16,1,34,0,10,23,10,13,13,19,12,15,14,21,5,20,16,13,11,15,7,19,4,0,19,17,12
134,1,0,2,1,0,2,3,1,2,0,0,1,2,0,1,1,0,0,0,0,0,0,0,0,0,0,0,0,0,0,0,0,0,0,0,0,1,0,3,3,1,3,2,1,2,4,6,0,7,2,3,3,2,1,0,20,2,2,6,3,5,6,6,12,29,5,6,5,6,4,9,7,5,5,4,7,41,9,5,7,11,7,6,10,9,16,8,8,0,1,13,56,7,15
135,1,1,2,1,0,2,3,1,0,2,0,1,2,0,1,1,0,0,0,0,0,0,0,0,0,0,0,0,0,0,0,0,0,0,0,0,1,0,3,3,1,3,2,1,2,4,6,0,7,2,3,3,2,1,0,20,2,2,6,3,5,6,6,12,29,5,6,5,6,4,9,7,5,5,4,7,41,9,5,7,11,7,6,10,9,16,8,8,0,1,13,10,52,43
136,5,0,2,1,0,1,3,1,0,0,0,1,2,0,1,1,0,0,1,0,3,1,1,0,0,0,0,0,0,0,0,0,0,0,0,0,1,1,0,4,2,2,4,4,3,0,3,3,10,12,10,8,12,3,16,13,12,4,5,13,15,15,4,20,1,11,17,15,13,17,18,18,35,36,33,35,33,2,35,32,30,37,32,28,31,40,34,41,23,8,40,37,41,38
137,4,1,1,1,1,2,2,0,0,2,0,1,2,0,1,0,0,0,1,0,3,1,1,0,0,0,0,0,1,0,0,0,0,0,0,0,1,1,0,4,2,2,4,4,3,0,3,3,10,12,10,8,12,3,16,13,12,4,5,13,15,15,4,20,1,11,17,15,13,17,18,35,21,8,20,9,18,17,20,10,20,15,21,1,19,20,11,26,24,29,10,22,21,9
138,3,1,2,1,0,1,3,1,0,2,0,1,2,0,1,1,0,0,1,0,3,1,1,0,0,0,0,0,0,0,0,0,0,0,0,0,1,1,0,4,2,2,4,4,3,0,3,3,10,12,10,8,12,3,16,13,12,4,5,13,15,15,4,20,1,11,17,15,13,17,18,35,21,8,20,9,18,17,20,10,20,15,21,1,19,20,11,26,24,29,10,22,21,9
139,1,0,2,1,0,3,3,1,0,0,0,1,2,0,1,0,0,0,0,0,0,0,0,0,0,0,0,0,0,0,0,0,0,0,0,0,1,0,3,3,1,3,2,1,2,4,6,0,7,2,3,3,2,1,0,20,2,2,6,3,5,6,6,12,29,5,6,5,6,4,9,7,5,5,4,7,41,9,5,7,11,7,6,10,9,16,8,8,0,1,13,56,7,15
140,4,0,2,1,0,2,3,2,1,1,0,1,2,0,1,0,0,0,1,0,0,3,1,1,0,0,0,0,0,0,0,0,0,0,0,0,1,0,3,0,0,1,7,2,5,1,0,10,4,3,7,2,0,16,18,16,19,18,15,17,23,20,25,22,27,24,5,25,26,28,25,24,18,29,25,23,10,6,30,22,27,2,23,24,29,37,9,34,30,32,7,33,32,29
141,2,1,2,1,0,2,3,1,0,2,0,1,2,0,1,0,0,0,0,0,0,0,0,0,0,0,0,0,0,0,0,0,0,0,0,0,1,0,3,3,1,3,2,1,2,4,6,0,7,2,3,3,2,1,0,20,2,2,6,3,5,6,6,12,29,5,6,5,6,4,9,7,5,5,4,7,41,9,5,7,11,7,6,10,9,16,8,8,0,1,13,10,52,43
142,2,1,1,1,1,0,0,1,1,0,0,1,2,0,1,0,0,0,0,0,0,0,0,0,0,0,0,0,0,0,0,0,0,0,0,0,1,0,3,3,1,3,2,7,4,6,2,1,0,6,0,10,1,9,11,6,9,11,2,0,7,1,2,16,12,9,1,11,17,14,15,17,8,20,18,11,9,16,7,9,45,13,19,23,18,8,14,18,8,12,4,13,5,32
143,3,1,2,1,0,3,1,1,0,2,0,1,2,0,1,0,0,0,1,0,3,1,1,0,0,0,0,0,0,0,0,0,0,0,0,0,1,1,0,4,2,2,4,4,3,0,3,3,10,12,10,8,12,3,16,13,12,4,5,13,15,15,4,20,1,11,17,15,13,17,18,35,21,8,20,9,18,17,20,10,20,15,21,1,19,20,11,26,24,29,10,22,21,9
144,3,0,2,1,0,3,3,2,2,0,0,1,2,0,1,0,0,0,1,0,0,3,1,1,0,0,0,0,0,0,0,0,0,0,0,0,1,0,3,0,0,1,7,2,5,1,0,10,4,3,7,2,0,16,18,16,19,18,15,17,23,20,25,22,27,24,5,25,26,28,25,24,18,29,25,23,10,6,30,22,27,2,23,24,29,37,9,34,30,32,7,33,32,29
145,2,0,2,1,0,2,2,1,0,1,0,1,2,0,1,0,0,0,1,0,3,1,1,0,0,0,0,0,0,0,0,0,0,0,0,0,1,1,0,4,2,2,4,4,3,0,3,3,10,12,10,8,12,3,16,13,12,4,5,13,15,15,4,20,1,11,17,15,13,17,18,35,21,8,20,9,18,17,20,10,20,15,21,1,19,20,11,26,24,29,10,22,21,9
146,3,0,2,1,0,3,1,1,0,0,0,1,2,0,1,1,0,0,0,0,0,0,0,0,0,0,0,0,0,0,0,0,0,0,0,0,1,0,3,3,1,3,2,1,2,4,6,0,7,2,3,3,2,1,0,5,15,16,14,8,13,2,13,13,10,0,15,16,1,34,0,10,23,10,13,13,19,12,15,14,21,5,20,16,13,11,15,7,19,4,0,19,17,12
147,3,1,2,1,0,3,1,1,0,2,0,1,2,0,1,1,0,0,1,0,3,1,1,0,0,0,0,0,0,0,0,0,0,0,0,0,1,1,0,4,2,2,4,4,3,0,3,3,10,12,10,8,12,3,16,13,12,4,5,13,15,15,4,20,1,11,17,15,13,17,18,35,21,8,20,9,18,17,20,10,20,15,21,1,19,20,11,26,24,29,10,22,21,9
148,2,1,2,1,0,3,3,2,2,2,0,1,2,0,1,1,0,0,0,0,0,0,0,0,0,0,0,0,0,0,0,0,0,0,0,0,1,0,3,3,1,3,2,1,2,4,6,0,7,2,3,3,2,1,0,20,2,2,6,3,5,6,6,12,11,25,18,14,19,11,7,4,22,21,19,21,7,3,16,23,19,9,28,6,20,50,18,21,14,54,17,18,20,16
149,5,1,2,1,0,3,3,2,0,2,0,1,2,0,1,0,0,0,1,0,0,3,1,1,0,0,0,0,0,0,0,0,0,0,0,0,1,0,3,0,0,1,7,2,5,1,0,10,4,3,7,2,0,16,18,16,19,18,15,17,23,20,25,22,27,24,5,25,26,28,25,24,18,29,25,23,10,6,30,22,27,2,23,24,29,37,9,34,30,32,7,33,32,29
150,5,0,2,1,1,3,3,1,1,0,0,1,2,0,0,1,0,0,0,0,0,0,0,0,0,0,0,0,0,0,0,0,0,0,0,0,1,0,3,0,0,1,7,2,5,1,0,10,4,3,7,2,14,6,5,1,0,7,0,2,10,8,11,1,5,4,4,6,11,3,14,1,9,7,5,5,4,1,6,44,37,21,8,0,12,5,7,17,18,23,5,24,18,3
151,4,0,2,2,1,2,3,1,1,1,0,1,2,0,0,1,0,0,0,0,0,0,0,0,0,0,0,0,0,0,0,0,0,0,0,0,1,0,3,0,0,1,7,2,5,1,0,10,4,3,7,2,14,6,5,1,0,7,0,2,10,8,11,1,5,4,4,6,11,3,14,1,9,7,5,5,4,1,6,44,37,21,8,0,12,5,7,17,18,23,5,24,18,3
152,2,0,1,1,0,0,0,0,0,0,0,1,1,0,0,0,0,0,0,0,0,0,0,0,0,0,0,0,0,0,0,0,0,0,0,0,1,0,3,3,1,3,2,7,4,6,2,1,0,6,0,10,1,9,11,6,9,11,2,0,7,1,2,16,12,9,1,11,17,14,15,17,8,20,18,11,9,16,7,9,45,13,19,23,18,8,14,18,8,12,4,13,5,32
153,3,0,1,1,0,1,2,0,0,0,0,1,1,0,0,1,0,0,0,0,0,0,0,0,0,0,0,0,0,0,0,0,0,0,0,0,1,0,3,3,1,3,2,7,4,6,2,1,0,6,0,10,1,9,11,6,9,11,2,0,7,1,2,16,12,9,1,11,17,14,15,17,8,20,18,11,9,16,7,9,5,40,36,39,37,39,31,32,38,20,25,38,1,34
154,3,0,1,1,0,3,2,0,0,0,0,1,1,0,0,1,1,0,0,0,0,0,0,0,0,0,0,0,0,0,0,0,0,0,0,0,1,0,3,3,1,3,2,1,2,4,6,0,7,2,3,3,2,1,0,5,15,16,14,8,13,2,13,13,10,0,15,16,1,34,0,10,23,10,13,13,19,12,15,14,21,5,20,16,13,11,15,7,19,4,0,19,17,12
155,3,0,2,1,1,2,1,1,1,0,0,1,2,0,0,1,0,0,0,0,0,0,0,0,0,0,0,0,0,0,0,0,0,0,0,0,1,0,3,3,1,3,2,1,2,4,6,0,7,2,3,3,2,1,0,5,15,16,14,8,13,2,13,13,10,0,15,16,1,34,0,10,23,10,13,13,19,12,15,14,21,5,20,16,13,11,15,7,19,4,0,19,17,12
156,3,0,1,1,0,1,0,0,0,1,0,1,1,0,0,1,0,0,0,0,0,0,0,0,0,0,0,0,0,0,0,0,0,0,0,0,1,0,3,3,1,3,2,7,4,6,2,1,0,6,0,10,1,9,11,6,9,11,2,0,7,1,2,16,12,9,1,11,17,14,15,17,8,20,18,11,9,16,7,9,45,13,19,23,18,8,14,18,8,12,4,13,5,32
157,4,0,2,1,1,0,3,1,1,1,0,1,2,0,0,1,0,0,0,0,0,0,0,0,0,0,0,0,0,0,0,0,0,0,0,0,1,0,3,0,0,1,7,2,5,9,5,4,2,1,4,0,5,4,4,2,4,22,3,6,8,7,0,7,0,7,7,12,4,7,1,8,2,9,7,40,5,4,11,4,4,8,9,5,49,13,24,12,17,10,21,14,26,24
158,2,0,1,1,0,3,1,0,0,0,0,1,1,0,0,1,0,0,0,0,0,0,0,0,0,0,0,0,0,0,0,0,0,0,0,0,1,0,3,3,1,3,2,1,2,4,6,0,7,2,3,3,2,1,0,5,15,16,14,8,13,2,13,13,10,0,15,16,1,34,0,10,23,10,13,13,19,12,15,14,21,5,20,16,13,11,15,7,19,4,0,19,17,12
159,4,1,2,2,1,2,1,1,1,2,0,1,2,0,0,1,0,0,0,0,0,0,0,0,0,0,0,0,0,0,0,0,0,0,0,0,1,0,3,0,0,1,7,2,5,9,5,4,2,1,4,0,5,4,19,12,6,0,11,12,0,10,16,9,8,1,13,9,5,8,5,3,7,12,12,10,2,10,4,3,15,3,1,3,14,6,51,6,12,9,3,7,13,8
160,2,1,1,2,0,2,2,0,0,2,0,1,1,1,0,0,0,0,0,0,0,0,0,0,0,0,0,0,0,0,0,0,0,0,2,0,1,0,3,3,1,3,2,7,4,6,2,1,0,6,0,10,1,9,11,6,9,11,2,0,7,22,19,5,15,21,21,23,12,20,19,19,36,15,14,4,25,42,25,21,23,41,40,14,39,36,32,37,11,31,37,26,27,26
161,3,0,2,0,1,2,3,1,1,1,1,1,2,1,0,1,0,0,0,0,0,0,0,0,0,0,0,0,0,1,1,1,0,0,0,0,1,0,3,3,1,3,2,1,2,4,6,0,7,2,3,3,2,1,0,20,2,2,6,3,5,6,6,12,29,5,6,5,6,4,9,7,5,5,4,7,13,41,37,37,40,42,42,43,42,44,39,43,43,44,47,48,48,49
162,2,0,1,0,0,0,0,0,0,0,0,1,1,1,0,0,0,0,0,0,0,0,0,0,0,0,0,0,0,0,0,0,0,0,0,0,1,0,3,3,1,3,2,7,4,6,2,1,0,6,0,10,1,9,11,6,9,11,2,0,7,1,2,16,12,9,1,11,17,14,15,17,8,20,18,11,9,16,7,9,45,13,19,23,18,8,14,18,8,12,4,13,5,32
163,4,1,2,1,0,3,0,1,0,2,0,1,1,0,0,1,1,0,0,0,0,0,0,0,0,0,0,0,0,0,0,0,1,0,1,0,1,0,3,0,0,1,7,2,5,9,5,4,2,1,4,0,5,4,19,12,6,0,11,12,0,10,16,9,8,1,13,9,5,8,5,3,7,12,12,10,2,10,4,3,15,3,1,3,14,6,51,6,12,9,3,7,13,8
164,3,0,2,1,1,1,1,1,0,1,0,1,1,1,0,1,0,0,0,0,0,0,0,0,0,0,0,0,0,1,1,1,1,0,1,0,1,0,3,3,1,3,2,7,4,6,2,1,0,6,0,10,1,9,11,6,9,11,2,0,7,1,2,16,12,9,1,11,17,14,15,17,8,20,18,11,9,16,7,9,5,40,36,39,37,39,31,32,38,20,25,38,1,34
165,3,1,1,0,0,2,0,0,0,2,0,1,2,1,0,0,0,0,0,0,0,0,0,0,0,0,0,0,0,0,0,0,0,0,1,0,1,0,3,3,1,3,2,7,4,6,2,1,0,6,0,10,1,9,11,6,9,11,2,0,7,22,19,5,15,21,21,23,12,20,19,19,36,15,14,4,25,42,25,21,23,41,40,14,39,36,32,37,11,31,37,26,27,26
166,3,0,1,1,1,2,3,0,0,1,1,1,1,1,0,1,0,0,0,0,0,0,0,0,0,0,0,0,0,1,1,1,1,0,0,0,1,0,3,3,1,3,2,1,2,4,6,0,7,2,3,3,2,1,0,20,2,2,6,3,5,6,6,12,29,5,6,5,6,4,9,7,5,5,4,7,13,41,37,37,40,42,42,43,42,44,39,43,43,44,47,48,48,49
167,3,1,2,1,0,0,2,1,0,2,0,1,1,1,0,1,0,0,0,0,0,0,0,0,0,0,0,0,0,0,0,0,1,0,1,0,1,0,3,3,1,3,2,7,4,6,2,1,0,6,0,10,1,9,11,6,9,11,2,0,7,1,2,16,12,9,1,11,17,14,15,17,8,20,18,11,9,16,7,9,5,40,36,39,37,39,31,32,38,20,25,38,1,34
168,4,0,1,1,1,1,3,0,0,1,0,1,1,1,0,1,0,0,0,0,0,0,0,0,0,0,0,0,0,1,1,1,1,0,0,0,1,0,3,0,0,1,7,2,5,9,5,4,2,1,4,0,5,4,4,2,4,22,3,6,8,7,0,7,0,7,7,12,4,7,1,8,2,9,7,6,38,35,31,35,35,35,35,32,33,0,37,31,39,34,36,36,38,31
169,5,1,1,1,0,2,0,0,1,2,0,1,1,1,0,1,0,0,0,0,0,0,0,0,0,0,0,0,0,0,0,0,0,0,1,0,1,0,3,0,0,1,7,2,5,9,5,4,2,1,4,0,5,4,19,12,6,0,11,12,0,10,16,9,8,1,13,9,5,8,5,3,7,12,12,10,2,10,4,3,15,3,1,3,14,6,51,6,12,9,3,7,13,8
170,6,0,2,0,1,2,2,0,0,0,0,0,0,2,2,0,0,0,1,1,0,3,0,0,0,0,0,1,1,1,0,1,0,0,0,0,0,1,2,2,5,0,5,3,8,5,10,9,3,4,9,11,3,5,7,4,8,10,22,18,3,14,12,17,6,6,10,0,32,32,33,34,34,31,34,37,40,39,40,42,43,43,44,45,48,48,46,45,52,53,53,55,56,56
171,6,0,2,0,0,2,2,0,1,1,0,1,2,0,0,0,0,0,1,0,0,3,0,0,0,0,0,1,1,1,0,1,0,0,0,0,1,1,0,4,2,2,4,4,3,0,3,12,8,7,2,5,4,0,15,18,20,21,20,22,17,17,15,26,18,28,28,28,29,23,28,21,29,3,30,31,3,34,29,0,31,33,27,35,30,31,38,30,36,42,39,42,42,42
172,4,0,2,1,1,1,1,0,1,2,0,0,0,2,2,0,0,0,0,0,0,3,0,0,0,0,0,0,0,1,0,1,0,0,0,0,1,1,0,4,4,4,1,5,7,3,1,7,1,0,13,16,16,2,14,19,16,20,21,20,21,23,23,23,25,27,27,19,7,25,27,29,30,30,3,27,24,31,23,27,32,24,22,26,7,22,36,23,32,14,38,35,57,57
173,4,0,2,1,1,0,0,0,0,1,0,1,2,0,0,0,0,0,0,1,0,3,0,0,0,0,0,0,0,1,0,1,0,0,0,0,1,0,3,0,0,1,7,2,5,9,5,4,2,1,4,0,5,4,4,2,4,8,23,24,24,26,26,27,28,29,29,29,28,31,31,31,31,32,31,0,34,32,34,34,36,36,39,38,40,33,43,44,41,45,44,46,46,50
174,4,0,2,0,0,0,0,0,0,2,0,1,2,0,0,0,0,0,0,0,0,3,0,0,0,0,0,0,0,1,0,1,0,0,0,0,1,0,3,0,0,1,7,2,5,9,5,4,2,1,4,0,5,4,4,2,4,8,23,24,24,26,26,27,28,29,29,29,28,31,31,31,31,32,31,0,34,32,34,34,36,36,39,38,40,33,43,44,41,45,44,46,46,50
175,6,0,2,2,0,2,2,0,0,1,0,1,2,0,0,0,0,0,1,0,0,3,0,0,0,0,0,1,1,1,0,1,0,0,0,0,1,1,0,4,2,2,4,4,3,0,3,12,8,7,2,5,4,0,15,18,20,21,20,22,17,17,15,26,18,28,28,28,29,23,28,21,29,3,30,31,3,34,29,0,31,33,27,35,30,31,38,30,36,42,39,42,42,42
176,3,0,2,0,1,0,0,0,0,1,0,0,0,2,2,0,0,0,0,1,0,3,0,0,0,0,0,0,0,1,0,1,0,0,0,0,1,1,0,4,4,4,1,5,7,3,1,7,1,0,13,16,16,2,14,19,16,20,21,20,21,23,23,23,25,27,27,19,7,25,27,29,30,30,3,27,24,31,23,27,32,24,22,26,7,22,36,23,32,14,38,35,57,57
177,3,0,2,1,1,3,3,0,1,1,0,0,0,2,2,0,0,0,0,0,0,3,0,0,0,0,0,0,0,1,0,1,0,0,0,0,1,1,0,4,4,4,1,5,7,3,1,7,1,0,13,16,16,2,14,19,16,20,21,20,21,23,23,23,25,27,27,19,7,25,27,29,30,30,3,27,24,31,23,27,32,24,22,26,7,22,36,23,32,14,38,35,23,37
178,5,0,2,1,0,1,1,0,0,0,0,1,2,0,0,0,0,0,1,0,0,3,0,0,0,0,0,1,1,1,0,1,0,0,0,0,1,1,0,4,2,2,4,4,3,0,3,12,8,7,2,5,4,0,15,18,20,21,20,22,17,17,15,26,18,28,28,28,29,23,28,21,29,3,30,31,3,34,29,0,31,33,27,35,30,31,38,30,36,42,39,42,42,42
179,4,0,2,1,0,0,0,0,1,1,0,0,0,2,2,0,0,0,1,0,0,3,0,0,0,0,0,0,0,1,0,1,0,0,0,0,1,1,0,4,4,4,1,5,7,3,1,7,1,0,13,16,16,2,14,19,16,20,21,20,21,23,23,23,25,27,27,19,7,25,27,29,30,30,3,27,24,31,23,27,32,24,22,26,7,22,36,23,32,14,38,35,57,57
180,5,1,2,1,0,3,3,1,1,0,0,0,0,2,2,0,0,0,1,0,3,2,0,0,0,0,0,1,2,0,0,0,0,0,0,0,0,1,2,2,5,0,5,3,8,5,10,9,3,4,9,11,3,5,7,4,8,10,10,1,2,24,22,25,23,20,2,21,22,22,20,5,24,18,26,16,27,24,10,2,22,30,26,29,24,15,16,24,29,3,30,21,16,2
181,5,1,2,2,1,2,2,0,1,2,0,1,0,2,2,0,0,0,1,0,3,1,1,1,0,0,0,1,2,1,1,1,0,1,0,0,0,1,2,2,5,0,5,3,8,5,10,9,3,4,9,11,3,5,7,4,8,10,10,1,2,24,22,25,23,20,2,21,22,22,20,5,24,18,26,16,27,24,10,2,22,30,26,29,24,15,16,24,29,3,30,21,16,2
182,6,0,2,1,0,1,1,1,1,1,0,0,0,2,2,0,0,0,1,0,3,2,1,0,0,0,0,1,2,1,1,0,1,1,0,0,0,1,2,2,5,0,5,3,8,5,10,9,3,4,9,11,3,5,7,4,8,10,22,18,3,14,12,17,6,6,10,32,10,5,17,13,6,16,9,12,17,11,1,25,0,16,11,15,1,4,12,1,53,7,14,11,9,10
183,2,1,2,2,1,0,0,1,0,0,1,1,0,2,2,0,0,0,1,0,2,1,0,1,0,0,0,0,0,0,0,0,0,0,0,0,1,1,0,4,4,4,1,5,7,3,1,7,1,0,13,6,13,10,9,10,17,12,9,11,4,13,5,11,16,13,31,7,2,16,4,16,13,19,8,17,8,13,3,11,10,17,7,12,32,25,20,10,13,11,6,2,25,28
184,3,0,2,1,0,3,3,1,0,0,1,1,0,2,2,0,0,0,1,0,3,2,1,1,0,0,0,1,2,1,1,1,0,0,0,0,0,1,2,2,5,0,5,3,8,5,10,9,3,4,9,11,3,5,7,4,8,10,10,1,2,24,22,25,23,20,2,21,22,22,20,5,24,18,26,16,27,24,10,2,22,30,26,29,24,15,16,24,29,3,30,21,16,2
185,4,1,2,2,1,2,2,1,0,1,1,1,0,2,2,0,0,0,1,0,3,1,1,1,0,0,0,1,2,0,0,0,0,0,0,0,0,1,2,2,5,0,5,3,8,5,10,9,3,4,9,11,3,5,7,4,8,10,10,1,2,24,22,25,23,20,2,21,22,22,20,5,24,18,26,16,27,24,10,2,22,30,26,29,24,15,16,24,29,3,30,21,16,2
186,6,0,2,1,0,2,2,1,0,1,0,0,0,2,2,0,0,0,1,0,3,2,1,0,0,0,0,1,2,1,1,0,1,1,0,0,0,1,2,2,5,0,5,3,8,5,10,9,3,4,9,11,3,5,7,4,8,10,22,18,3,14,12,17,6,6,10,32,10,5,17,13,6,16,9,12,17,11,1,25,0,16,11,15,1,4,12,1,53,7,14,11,9,10
187,1,0,2,1,0,1,1,1,1,1,1,1,0,2,2,0,0,0,1,0,2,2,0,1,0,0,0,0,0,1,0,1,0,0,0,0,1,1,0,4,4,4,1,5,7,3,1,7,1,0,13,6,13,10,9,10,17,12,9,11,4,13,5,11,16,13,3,30,30,29,29,32,32,33,32,33,36,33,33,30,12,34,41,41,43,23,45,2,46,41,42,43,40,47
188,6,1,2,1,0,2,2,1,1,1,0,0,0,2,2,0,0,0,1,0,3,2,1,0,0,0,0,1,2,1,1,0,1,1,0,0,0,1,2,2,5,0,5,3,8,5,10,9,3,4,9,11,3,5,7,4,8,10,22,18,3,14,12,17,6,6,10,32,10,5,17,13,6,16,9,12,17,11,1,25,0,16,11,15,1,4,12,1,53,7,14,11,9,10
189,5,0,2,1,0,1,1,1,2,2,1,1,0,2,2,0,0,0,1,0,3,2,1,1,0,0,0,1,2,1,1,1,0,0,0,0,0,1,2,2,5,0,5,3,8,5,10,9,3,4,9,11,3,5,7,4,8,10,22,18,3,14,12,17,6,6,10,32,10,5,17,13,6,16,9,12,17,11,1,25,0,16,11,15,1,4,12,1,53,7,14,11,9,10
190,5,1,2,2,1,3,3,0,1,2,1,1,0,2,2,0,0,0,1,1,3,2,1,1,0,0,0,1,2,0,0,0,0,0,0,0,0,1,2,2,5,0,5,3,8,5,10,9,3,4,9,11,3,5,7,4,8,10,10,1,2,24,22,25,23,20,2,21,22,22,20,5,24,18,26,16,27,24,10,2,22,30,26,29,24,15,16,24,29,3,30,21,16,2
191,0,0,2,1,0,3,3,1,1,2,1,1,0,2,2,0,0,0,1,0,2,2,0,1,0,0,0,0,0,1,1,0,1,0,0,0,1,1,0,4,4,4,1,5,7,3,1,7,1,0,13,6,13,10,9,10,17,12,9,11,4,13,5,11,16,13,3,30,30,29,29,32,32,33,32,33,36,33,33,30,12,34,41,41,43,23,45,2,46,41,42,43,40,47
192,6,0,2,1,0,2,2,0,0,0,1,1,0,2,2,0,0,0,1,0,3,1,1,1,0,0,0,1,2,1,0,1,1,1,0,0,0,1,2,2,5,0,5,3,8,5,10,9,3,4,9,11,3,5,7,4,8,10,22,18,3,14,12,17,6,6,10,32,10,5,17,13,6,16,9,12,17,11,1,25,0,16,11,15,1,4,12,1,6,50,49,45,47,46
193,5,1,2,1,0,1,1,1,0,1,0,0,0,2,2,0,0,0,1,0,3,2,0,0,0,0,0,1,2,1,1,0,1,1,0,0,0,1,2,2,5,0,5,3,8,5,10,9,3,4,9,11,3,5,7,4,8,10,22,18,3,14,12,17,6,6,10,32,10,5,17,13,6,16,9,12,17,11,1,25,0,16,11,15,1,4,12,1,53,7,14,11,9,10
194,5,0,2,1,0,2,2,1,0,2,0,0,0,2,2,0,0,0,1,0,3,2,1,0,0,0,0,1,2,0,0,0,0,0,0,0,0,1,2,2,5,0,5,3,8,5,10,9,3,4,9,11,3,5,7,4,8,10,22,18,3,14,12,17,6,6,10,32,10,5,17,13,6,16,9,12,17,11,1,25,0,16,11,15,1,4,12,1,53,7,14,11,9,10
195,6,1,2,2,1,0,0,1,0,1,0,1,0,2,2,0,0,0,1,0,3,1,1,1,0,0,0,1,2,0,0,0,0,0,0,0,0,1,2,2,5,0,5,3,8,5,10,9,3,4,9,11,3,5,7,4,8,10,22,18,3,14,12,17,6,6,10,32,10,5,17,13,6,16,9,12,17,11,1,25,0,16,11,15,1,4,12,1,6,50,49,45,47,46
196,5,0,2,1,0,1,1,1,0,0,0,0,0,2,2,0,0,0,1,0,3,2,1,0,0,0,0,1,2,1,1,0,1,1,0,0,0,1,2,2,5,0,5,3,8,5,10,9,3,4,9,11,3,5,7,4,8,10,22,18,3,14,12,17,6,6,10,32,10,5,17,13,6,16,9,12,17,11,1,25,0,16,11,15,1,4,12,1,53,7,14,11,9,10
197,6,1,2,2,1,3,3,0,2,1,0,1,0,2,2,0,0,0,1,1,3,2,1,1,0,0,0,1,2,0,0,0,0,0,0,0,0,1,2,2,5,0,5,3,8,5,10,9,3,4,9,11,3,5,7,4,8,10,10,1,2,24,22,25,23,20,2,21,22,22,20,5,24,18,26,16,27,24,10,2,22,30,26,29,24,15,16,24,29,3,30,21,16,2
198,5,1,2,1,0,3,3,1,0,1,0,0,0,2,2,0,0,0,1,0,3,2,0,0,0,0,0,1,2,1,1,0,1,1,0,0,0,1,2,2,5,0,5,3,8,5,10,9,3,4,9,11,3,5,7,4,8,10,22,18,3,14,12,17,6,6,10,32,10,5,17,13,6,16,9,12,17,11,1,25,0,16,11,15,1,4,12,1,53,7,14,11,9,10
199,5,1,2,1,0,2,2,1,1,1,0,0,0,2,2,0,0,0,1,0,3,2,0,0,0,0,0,1,2,1,1,0,1,1,0,0,0,1,2,2,5,0,5,3,8,5,10,9,3,4,9,11,3,5,7,4,8,10,22,18,3,14,12,17,6,6,10,32,10,5,17,13,6,16,9,12,17,11,1,25,0,16,11,15,1,4,12,1,53,7,14,11,9,10
200,3,1,1,1,0,0,2,0,0,2,0,1,2,0,1,0,0,0,0,0,0,0,0,0,0,0,0,0,0,0,0,0,0,0,0,0,1,0,3,3,1,3,2,7,4,6,2,1,0,6,0,10,1,9,11,6,9,11,2,0,7,1,2,16,12,9,1,11,17,14,15,17,8,20,18,11,9,16,7,9,5,40,36,39,37,39,31,32,38,20,25,38,1,34
201,3,0,0,1,1,0,2,0,0,1,0,1,2,0,1,0,1,0,0,0,0,0,0,0,0,0,0,0,0,0,0,0,0,0,0,0,1,0,3,3,1,3,2,7,4,6,2,1,0,6,0,10,1,9,11,6,9,11,2,0,7,1,2,16,12,9,1,11,17,14,15,17,8,20,18,11,9,16,7,9,45,13,19,23,18,8,14,18,8,12,4,13,5,32
202,3,1,1,1,0,0,0,0,0,0,0,1,2,0,1,0,0,0,0,0,0,0,0,0,0,0,0,0,0,0,0,0,0,0,0,0,1,0,3,3,1,3,2,7,4,6,2,1,0,6,0,10,1,9,11,6,9,11,2,0,7,1,2,16,12,9,1,11,17,14,15,17,8,20,18,11,9,16,7,9,45,13,19,23,18,8,14,18,8,12,4,13,5,32
203,3,0,0,1,1,2,0,0,0,0,0,1,2,0,1,0,0,0,0,0,0,0,0,0,0,0,0,0,0,0,0,0,0,0,0,0,1,0,3,3,1,3,2,7,4,6,2,1,0,6,0,10,1,9,11,6,9,11,2,0,7,1,2,16,12,9,1,11,17,14,15,17,8,20,18,11,9,16,7,9,45,13,19,23,18,8,14,18,8,12,4,13,5,32
204,3,1,1,2,0,3,2,0,1,1,0,1,2,0,1,1,1,0,0,0,0,0,0,0,0,0,0,0,0,0,0,0,0,0,0,0,1,0,3,3,1,3,2,1,2,4,6,0,7,2,3,3,2,1,0,5,15,16,14,8,13,2,13,13,10,0,15,16,1,34,0,10,23,10,13,13,19,12,15,14,21,5,20,16,13,11,15,7,19,4,0,19,17,12
205,2,0,0,1,1,0,3,0,2,2,0,1,2,0,1,0,0,0,0,0,0,0,0,0,0,0,0,0,0,0,0,0,0,0,0,0,1,0,3,3,1,3,2,1,2,4,6,0,7,2,3,3,2,1,0,20,2,2,6,3,5,6,6,12,11,25,18,14,19,11,7,4,22,21,19,21,7,3,16,23,19,9,28,6,20,50,18,21,14,19,54,54,55,55
206,1,0,0,2,1,3,2,1,1,1,0,1,2,0,1,1,1,0,0,0,0,0,0,0,0,0,0,0,0,0,0,0,0,0,0,0,1,0,3,3,1,3,2,1,2,4,6,0,7,2,3,3,2,1,0,5,15,16,14,8,13,2,13,13,10,0,15,16,1,34,0,10,23,10,13,13,19,12,15,14,21,5,20,16,13,11,15,7,19,4,0,19,17,12
207,2,1,1,1,0,2,2,1,1,1,0,1,2,0,1,0,1,0,0,0,0,0,0,0,0,0,0,0,0,0,0,0,0,0,0,0,1,0,3,3,1,3,2,1,2,4,6,0,7,2,3,3,2,1,0,5,15,16,14,8,13,2,13,13,10,0,15,16,1,34,0,10,23,10,13,13,19,12,15,14,21,5,20,16,13,11,15,7,19,4,0,19,17,12
208,2,0,0,2,1,3,0,1,1,0,1,1,2,0,1,1,0,0,0,0,0,0,0,0,0,0,0,0,0,0,0,0,0,0,0,0,1,0,3,3,1,3,2,1,2,4,6,0,7,2,3,3,2,1,0,5,15,16,14,8,13,2,13,13,10,0,15,16,1,34,0,10,23,10,13,13,19,12,15,14,21,5,20,16,13,11,15,7,19,4,0,19,17,12
209,2,1,1,2,0,3,3,0,2,2,0,1,2,0,1,1,0,0,0,0,0,0,0,0,0,0,0,0,0,0,0,0,0,0,0,0,1,0,3,3,1,3,2,1,2,4,6,0,7,2,3,3,2,1,0,20,2,2,6,3,5,6,6,12,11,25,18,14,19,11,7,4,22,21,19,21,7,3,16,23,19,9,28,6,20,50,18,21,14,54,17,18,20,16
210,4,1,2,1,0,1,1,1,1,2,0,1,2,0,1,0,0,0,0,0,0,0,0,0,0,0,0,0,0,0,0,0,0,0,0,0,1,0,3,0,0,1,7,2,5,9,5,4,2,1,4,0,5,4,19,12,6,0,11,12,0,10,16,9,8,1,13,9,5,8,5,3,7,12,12,10,2,10,4,3,15,3,1,3,14,6,51,6,12,9,3,7,13,8
211,4,0,1,1,0,3,3,1,0,1,0,1,2,0,1,0,0,0,0,0,0,0,0,0,0,0,0,0,0,0,0,0,0,0,0,0,1,0,3,0,0,1,7,2,5,1,0,10,4,3,7,2,14,6,5,1,0,7,0,2,10,8,11,1,5,4,4,6,11,3,14,1,9,7,5,5,4,1,6,44,37,21,8,0,12,5,7,17,18,23,5,24,18,3
212,3,0,2,1,0,0,0,1,0,1,0,1,2,0,1,0,0,0,0,0,0,0,0,0,0,0,0,0,0,0,0,0,0,0,0,0,1,0,3,3,1,3,2,7,4,6,2,1,0,6,0,10,1,9,11,6,9,11,2,0,7,1,2,16,12,9,1,11,17,14,15,17,8,20,18,11,9,16,7,9,45,13,19,23,18,8,14,18,8,12,4,13,5,32
213,6,0,2,2,0,3,3,0,1,1,0,1,2,0,1,0,0,0,0,0,0,0,0,0,0,0,0,0,0,0,0,0,0,0,0,0,1,0,3,0,0,1,7,2,5,1,0,10,4,3,7,2,14,6,5,1,0,7,0,2,10,8,11,1,5,4,4,6,11,3,14,1,9,7,5,5,4,1,6,19,7,4,18,25,10,18,17,14,2,25,15,9,10,20
214,6,0,1,1,1,2,2,0,2,2,0,1,2,0,1,0,0,0,0,0,0,0,0,0,0,0,0,0,0,1,0,1,0,0,0,0,1,0,3,0,0,1,7,2,5,1,0,10,4,3,7,2,14,6,5,1,0,7,0,2,10,8,11,1,5,4,4,6,11,3,14,1,9,7,5,5,4,1,6,19,7,4,18,25,10,18,17,14,2,25,15,9,10,20
215,5,0,2,2,0,3,3,1,0,1,0,1,2,0,1,0,0,0,0,0,0,0,0,0,0,0,0,0,0,0,0,0,0,0,0,0,1,0,3,0,0,1,7,2,5,1,0,10,4,3,7,2,14,6,5,1,0,7,0,2,10,8,11,1,5,4,4,6,11,3,14,1,9,7,5,5,4,1,6,44,37,21,8,0,12,5,7,17,18,23,5,24,18,3
216,6,0,1,1,0,3,3,0,1,1,0,1,2,0,1,0,0,0,0,0,0,0,0,0,0,0,0,0,0,0,0,0,0,0,0,0,1,0,3,0,0,1,7,2,5,1,0,10,4,3,7,2,14,6,5,1,0,7,0,2,10,8,11,1,5,4,4,6,11,3,14,1,9,7,5,5,4,1,6,19,7,4,18,25,10,18,17,14,2,25,15,9,10,20
217,5,1,2,2,0,3,1,0,0,2,0,1,2,0,1,0,0,0,0,0,0,0,0,0,0,0,0,0,0,0,0,0,0,0,0,0,1,0,3,0,0,1,7,2,5,9,5,4,2,1,4,0,5,4,19,12,6,0,11,12,0,10,16,9,8,1,13,9,5,8,5,3,7,12,12,10,2,10,4,3,15,3,1,3,14,6,51,6,12,9,3,7,13,8
218,6,0,2,2,0,3,3,0,1,1,0,1,2,0,1,0,0,0,0,0,0,0,0,0,0,0,0,0,0,0,0,0,0,0,0,0,1,0,3,0,0,1,7,2,5,1,0,10,4,3,7,2,14,6,5,1,0,7,0,2,10,8,11,1,5,4,4,6,11,3,14,1,9,7,5,5,4,1,6,19,7,4,18,25,10,18,17,14,2,25,15,9,10,20
219,6,0,2,2,0,3,2,1,1,0,0,1,2,0,1,0,0,0,0,0,0,0,0,0,0,0,0,0,0,0,0,0,0,0,0,0,1,0,3,0,0,1,7,2,5,1,0,10,4,3,7,2,14,6,5,1,0,7,0,2,10,8,11,1,5,4,4,6,11,3,14,1,9,7,5,5,4,1,6,19,7,4,18,25,10,18,17,14,2,25,15,9,10,20
220,5,0,2,2,0,2,3,0,0,1,0,1,2,0,1,0,0,0,0,0,0,0,0,0,0,0,0,0,0,0,0,0,0,0,0,0,1,0,3,0,0,1,7,2,5,1,0,10,4,3,7,2,14,6,5,1,0,7,0,2,10,8,11,1,5,4,4,6,11,3,14,1,9,7,5,5,4,1,6,44,37,21,8,0,12,5,7,17,18,23,5,24,18,3
221,4,1,2,1,0,3,0,1,1,2,0,1,2,0,1,0,0,0,0,0,0,0,0,0,0,0,0,0,0,0,0,0,0,0,0,0,1,0,3,0,0,1,7,2,5,9,5,4,2,1,4,0,5,4,19,12,6,0,11,12,0,10,16,9,8,1,13,9,5,8,5,3,7,12,12,10,2,10,4,3,15,3,1,3,14,6,51,6,12,9,3,7,13,8
222,6,0,2,1,0,1,1,0,1,0,0,1,2,0,1,1,0,0,0,0,0,0,0,0,0,0,0,0,0,0,0,0,0,0,0,0,1,0,3,0,0,1,7,2,5,9,5,4,2,1,4,0,5,4,4,2,4,22,3,6,8,7,0,7,0,7,7,12,4,7,1,8,2,9,7,40,5,4,11,4,4,8,9,5,5,34,5,27,16,26,2,17,22,7
223,5,0,2,2,0,2,2,1,0,0,0,1,2,0,1,0,0,0,0,0,0,0,0,0,0,0,0,0,0,0,0,0,0,0,0,0,1,0,3,0,0,1,7,2,5,1,0,10,4,3,7,2,14,6,5,1,0,7,0,2,10,8,11,1,5,4,4,6,11,3,14,1,9,7,5,5,4,1,6,44,37,21,8,0,12,5,7,17,18,23,5,24,18,3
224,5,1,2,1,0,0,0,0,0,2,0,1,2,0,1,0,0,0,0,0,0,0,0,0,0,0,0,0,0,0,0,0,0,0,0,0,1,0,3,0,0,1,7,2,5,9,5,4,2,1,4,0,5,4,19,12,6,0,11,12,0,10,16,9,8,1,13,9,5,8,5,3,7,12,12,10,2,10,4,3,15,3,1,3,14,6,51,6,12,9,3,7,13,8
225,4,0,2,1,0,2,2,0,0,1,0,1,2,0,1,0,0,0,0,0,0,0,0,0,0,0,0,0,0,0,0,0,0,0,0,0,1,0,3,0,0,1,7,2,5,9,5,4,2,1,4,0,5,4,4,2,4,22,3,6,8,7,0,7,0,7,7,12,4,7,1,8,2,9,7,40,5,4,11,4,4,8,9,5,49,13,24,12,17,10,21,14,26,24
226,4,0,2,1,0,1,1,1,1,1,0,1,2,0,1,1,0,0,0,0,0,0,0,0,0,0,0,0,0,0,0,0,0,0,0,0,1,0,3,0,0,1,7,2,5,9,5,4,2,1,4,0,5,4,4,2,4,22,3,6,8,7,0,7,0,7,7,12,4,7,1,8,2,9,7,40,5,4,11,4,4,8,9,5,5,34,5,27,16,26,2,17,22,7
227,5,0,2,1,0,2,1,0,0,0,0,1,2,0,1,0,0,0,0,0,0,0,0,0,0,0,0,0,0,0,0,0,0,0,0,0,1,0,3,0,0,1,7,2,5,9,5,4,2,1,4,0,5,4,4,2,4,22,3,6,8,7,0,7,0,7,7,12,4,7,1,8,2,9,7,40,5,4,11,4,4,8,9,5,5,34,5,27,16,26,2,17,22,7
228,6,0,2,2,0,3,2,0,1,0,0,1,2,0,1,0,0,0,0,0,0,0,0,0,0,0,0,0,0,0,0,0,0,0,0,0,1,0,3,0,0,1,7,2,5,1,0,10,4,3,7,2,14,6,5,1,0,7,0,2,10,8,11,1,5,4,4,6,11,3,14,1,9,7,5,5,4,1,6,19,7,4,18,25,10,18,17,14,2,25,15,9,10,20
229,6,1,2,2,0,1,1,0,1,2,0,1,2,0,1,0,0,0,0,0,0,0,0,0,0,0,0,0,0,0,0,0,0,0,0,0,1,0,3,0,0,1,7,2,5,9,5,4,2,1,4,0,5,4,19,12,6,0,11,12,0,10,16,9,8,1,13,9,5,8,5,3,7,12,12,10,2,10,4,3,15,3,1,3,14,6,51,6,12,9,3,7,13,8
230,5,1,2,2,0,3,1,1,0,2,0,1,2,0,1,0,0,0,0,0,0,0,0,0,0,0,0,0,0,0,0,0,0,0,0,0,1,0,3,0,0,1,7,2,5,9,5,4,2,1,4,0,5,4,19,12,6,0,11,12,0,10,16,9,8,1,13,9,5,8,5,3,7,12,12,10,2,10,4,3,15,3,1,3,14,6,51,6,12,9,3,7,13,8
231,5,1,2,2,0,3,3,1,1,1,0,1,2,0,1,0,0,0,0,0,0,0,0,0,0,0,0,0,0,0,0,0,0,0,0,0,1,0,3,0,0,1,7,2,5,1,0,10,4,3,7,2,14,6,5,1,0,7,0,2,10,8,11,1,5,4,4,6,11,3,14,1,9,7,5,5,4,1,6,19,7,4,18,25,10,18,17,14,2,25,15,9,10,20
232,4,1,2,1,0,2,1,0,0,2,0,1,2,0,1,1,0,0,0,0,0,0,0,0,0,0,0,0,0,0,0,0,0,0,0,0,1,0,3,0,0,1,7,2,5,9,5,4,2,1,4,0,5,4,19,12,6,0,11,12,0,10,16,9,8,1,13,9,5,8,5,3,7,12,12,10,2,10,4,3,15,3,1,3,14,6,51,6,12,9,3,7,13,8
233,6,1,1,2,0,2,2,0,2,0,0,1,2,0,1,0,0,0,0,0,0,0,0,0,0,0,0,0,0,1,0,1,0,0,0,0,1,0,3,0,0,1,7,2,5,1,0,10,4,3,7,2,14,6,5,1,0,7,0,2,10,8,11,1,5,4,4,6,11,3,14,1,9,7,5,5,4,1,6,19,7,4,18,25,10,18,17,14,2,25,15,9,10,20
234,4,1,2,1,0,1,2,1,1,2,0,1,2,0,1,0,0,0,0,0,0,0,0,0,0,0,0,0,0,0,0,0,0,0,0,0,1,0,3,0,0,1,7,2,5,9,5,4,2,1,4,0,5,4,4,2,4,22,3,6,8,7,0,7,0,7,7,12,4,7,1,8,2,9,7,40,5,4,11,4,4,8,9,5,49,13,24,12,17,10,21,14,26,24
235,6,1,2,2,0,2,1,0,1,2,0,1,2,0,1,0,0,0,0,0,0,0,0,0,0,0,0,0,0,0,0,0,0,0,0,0,1,0,3,0,0,1,7,2,5,9,5,4,2,1,4,0,5,4,19,12,6,0,11,12,0,10,16,9,8,1,13,9,5,8,5,3,7,12,12,10,2,10,4,3,15,3,1,3,14,6,51,6,12,9,3,7,13,8
236,4,1,2,1,0,0,3,0,0,2,0,1,2,0,1,0,0,0,0,0,0,0,0,0,0,0,0,0,0,0,0,0,0,0,0,0,1,0,3,0,0,1,7,2,5,9,5,4,2,1,4,0,5,4,4,2,4,22,3,6,8,7,0,7,0,7,7,12,4,7,1,8,2,9,7,40,5,4,11,4,4,8,9,5,49,13,24,12,17,10,21,14,26,24
237,4,0,2,2,0,3,3,1,0,0,0,1,2,0,1,0,0,0,0,0,0,0,0,0,0,0,0,0,0,0,0,0,0,0,0,0,1,0,3,0,0,1,7,2,5,1,0,10,4,3,7,2,14,6,5,1,0,7,0,2,10,8,11,1,5,4,4,6,11,3,14,1,9,7,5,5,4,1,6,44,37,21,8,0,12,5,7,17,18,23,5,24,18,3
238,5,0,2,2,0,2,3,1,0,1,0,1,2,0,1,0,0,0,0,0,0,0,0,0,0,0,0,0,0,0,0,0,0,0,0,0,1,0,3,0,0,1,7,2,5,1,0,10,4,3,7,2,14,6,5,1,0,7,0,2,10,8,11,1,5,4,4,6,11,3,14,1,9,7,5,5,4,1,6,44,37,21,8,0,12,5,7,17,18,23,5,24,18,3
239,3,0,2,1,0,0,0,1,0,0,0,1,2,0,1,0,0,0,0,0,0,0,0,0,0,0,0,0,0,0,0,0,0,0,0,0,1,0,3,3,1,3,2,7,4,6,2,1,0,6,0,10,1,9,11,6,9,11,2,0,7,1,2,16,12,9,1,11,17,14,15,17,8,20,18,11,9,16,7,9,45,13,19,23,18,8,14,18,8,12,4,13,5,32
240,5,0,2,1,0,1,2,0,1,0,0,1,2,0,1,1,0,0,0,0,0,0,0,0,0,0,0,0,0,0,0,0,0,0,0,0,1,0,3,0,0,1,7,2,5,9,5,4,2,1,4,0,5,4,4,2,4,22,3,6,8,7,0,7,0,7,7,12,4,7,1,8,2,9,7,40,5,4,11,4,4,8,9,5,5,34,5,27,16,26,2,17,22,7
241,5,0,2,2,0,1,1,0,1,1,0,1,2,0,1,0,0,0,0,0,0,0,0,0,0,0,0,0,0,0,0,0,0,0,0,0,1,0,3,0,0,1,7,2,5,9,5,4,2,1,4,0,5,4,4,2,4,22,3,6,8,7,0,7,0,7,7,12,4,7,1,8,2,9,7,40,5,4,11,4,4,8,9,5,5,34,5,27,16,26,2,17,22,7
242,4,0,2,2,0,1,1,1,0,2,0,1,2,0,1,0,0,0,0,0,0,0,0,0,0,0,0,0,0,0,0,0,0,0,0,0,1,0,3,0,0,1,7,2,5,9,5,4,2,1,4,0,5,4,4,2,4,22,3,6,8,7,0,7,0,7,7,12,4,7,1,8,2,9,7,40,5,4,11,4,4,8,9,5,49,13,24,12,17,10,21,14,26,24
243,5,1,2,1,0,3,3,0,1,2,0,1,2,0,1,1,0,0,0,0,0,0,0,0,0,0,0,0,0,0,0,0,0,0,0,0,1,0,3,0,0,1,7,2,5,1,0,10,4,3,7,2,14,6,5,1,0,7,0,2,10,8,11,1,5,4,4,6,11,3,14,1,9,7,5,5,4,1,6,19,7,4,18,25,10,18,17,14,2,25,15,9,10,20
244,6,0,2,1,0,2,1,0,0,1,0,1,2,0,1,1,0,0,0,0,0,0,0,0,0,0,0,0,0,0,0,0,0,0,0,0,1,0,3,0,0,1,7,2,5,9,5,4,2,1,4,0,5,4,19,12,6,0,11,12,0,10,16,9,8,1,13,9,5,8,5,3,7,12,12,10,2,10,4,3,15,3,1,3,14,6,51,6,12,9,3,7,13,8
245,5,0,2,1,0,0,3,0,0,0,0,1,2,0,1,0,0,0,0,0,0,0,0,0,0,0,0,0,0,0,0,0,0,0,0,0,1,0,3,0,0,1,7,2,5,9,5,4,2,1,4,0,5,4,4,2,4,22,3,6,8,7,0,7,0,7,7,12,4,7,1,8,2,9,7,40,5,4,11,4,4,8,9,5,49,13,24,12,17,10,21,14,26,24
246,6,0,2,1,0,0,3,0,0,1,0,1,2,0,1,0,0,0,0,0,0,0,0,0,0,0,0,0,0,0,0,0,0,0,0,0,1,0,3,0,0,1,7,2,5,9,5,4,2,1,4,0,5,4,4,2,4,22,3,6,8,7,0,7,0,7,7,12,4,7,1,8,2,9,7,40,5,4,11,4,4,8,9,5,49,13,24,12,17,10,21,14,26,24
247,5,1,2,2,0,2,1,1,0,2,0,1,2,0,1,0,0,0,0,0,0,0,0,0,0,0,0,0,0,0,0,0,0,0,0,0,1,0,3,0,0,1,7,2,5,9,5,4,2,1,4,0,5,4,19,12,6,0,11,12,0,10,16,9,8,1,13,9,5,8,5,3,7,12,12,10,2,10,4,3,15,3,1,3,14,6,51,6,12,9,3,7,13,8
248,5,0,2,1,0,3,0,0,1,0,0,1,2,0,1,1,0,0,0,0,0,0,0,0,0,0,0,0,0,0,0,0,0,0,0,0,1,0,3,0,0,1,7,2,5,9,5,4,2,1,4,0,5,4,19,12,6,0,11,12,0,10,16,9,8,1,13,9,5,8,5,3,7,12,12,10,2,10,4,3,15,3,1,3,14,6,51,6,12,9,3,7,13,8
249,6,0,2,1,0,1,2,0,1,1,0,1,2,0,1,1,0,0,0,0,0,0,0,0,0,0,0,0,0,0,0,0,0,0,0,0,1,0,3,0,0,1,7,2,5,9,5,4,2,1,4,0,5,4,4,2,4,22,3,6,8,7,0,7,0,7,7,12,4,7,1,8,2,9,7,40,5,4,11,4,4,8,9,5,5,34,5,27,16,26,2,17,22,7
250,6,0,1,2,0,3,3,0,0,0,0,1,2,0,1,0,0,0,1,0,3,2,1,1,0,0,0,1,2,1,0,0,0,0,0,0,1,1,0,4,2,2,4,4,3,0,3,12,8,7,2,5,4,18,2,3,3,6,4,23,19,12,7,3,13,16,0,18,33,13,10,0,16,23,16,14,15,20,19,24,29,18,2,7,45,46,44,46,45,48,43,41,45,44
251,4,0,1,2,0,1,1,0,1,1,0,1,2,0,1,0,0,0,0,0,0,0,0,0,0,0,0,0,0,0,0,0,0,0,0,0,1,0,3,0,0,1,7,2,5,9,5,4,2,1,4,0,5,4,4,2,4,22,3,6,8,7,0,7,0,7,7,12,4,7,1,8,2,9,7,40,5,4,11,4,4,8,9,5,5,34,5,27,16,26,2,17,22,7
252,5,0,1,1,0,2,1,0,0,0,0,1,2,0,1,0,0,0,1,0,3,1,0,1,0,0,0,0,0,0,0,0,0,0,0,0,1,1,0,4,2,2,4,4,3,0,3,12,8,7,2,5,4,18,2,3,3,6,4,7,1,3,10,15,9,14,8,1,8,2,3,11,14,17,10,2,14,7,14,1,14,6,17,2,2,10,3,52,9,5,12,12,12,6
253,5,1,2,1,0,3,2,0,0,2,0,1,2,0,1,0,0,0,0,0,0,0,0,0,0,0,0,0,0,0,0,0,0,0,0,0,1,0,3,0,0,1,7,2,5,1,0,10,4,3,7,2,14,6,5,1,0,7,0,2,10,8,11,1,5,4,4,6,11,3,14,1,9,7,5,5,4,1,6,19,7,4,18,25,10,18,17,14,2,25,15,9,10,20
254,6,1,2,2,0,3,3,0,1,2,0,1,2,0,1,0,0,0,1,0,3,2,0,1,0,0,0,1,1,0,0,0,0,0,0,0,1,1,0,4,2,2,4,4,3,0,3,12,8,7,2,5,4,18,2,3,3,6,4,23,19,12,7,3,13,16,0,18,33,13,10,0,16,23,16,14,15,20,19,24,29,18,2,48,27,27,26,29,21,0,28,29,11,35
255,4,0,1,1,0,3,3,1,1,0,0,1,2,0,1,0,0,0,0,0,0,0,0,0,0,0,0,0,0,0,0,0,0,0,0,0,1,0,3,0,0,1,7,2,5,1,0,10,4,3,7,2,14,6,5,1,0,7,0,2,10,8,11,1,5,4,4,6,11,3,14,1,9,7,5,5,4,1,6,44,37,21,8,0,12,5,7,17,18,23,5,24,18,3
256,3,0,2,1,0,2,3,0,1,1,0,1,2,0,1,0,0,0,1,0,3,2,0,1,0,0,0,1,1,0,0,0,0,0,0,0,1,1,0,4,2,2,4,4,3,0,3,12,8,7,2,5,4,18,2,3,3,6,4,23,19,12,7,3,13,16,0,18,18,33,30,30,28,24,0,28,28,29,24,20,33,28,34,17,23,28,28,36,33,28,8,31,4,40
257,5,0,2,2,0,2,2,0,0,1,0,1,2,0,1,0,0,0,1,0,3,2,0,1,0,0,0,1,1,0,0,0,0,0,0,0,1,1,0,4,2,2,4,4,3,0,3,12,8,7,2,5,4,18,2,3,3,6,4,7,1,3,10,15,9,14,8,1,8,2,3,11,14,17,10,2,14,7,14,1,14,6,17,2,2,10,3,52,9,5,12,12,12,6
258,5,0,2,1,0,1,1,1,1,0,0,1,2,0,1,0,0,0,0,0,0,0,0,0,0,0,0,0,0,0,0,0,0,0,0,0,1,0,3,0,0,1,7,2,5,9,5,4,2,1,4,0,5,4,4,2,4,22,3,6,8,7,0,7,0,7,7,12,4,7,1,8,2,9,7,40,5,4,11,4,4,8,9,5,5,34,5,27,16,26,2,17,22,7
259,5,0,2,2,0,2,3,0,1,1,0,1,2,0,1,0,0,0,1,0,3,2,0,1,0,0,0,1,1,0,0,0,0,0,0,0,1,1,0,4,2,2,4,4,3,0,3,12,8,7,2,5,4,18,2,3,3,6,4,23,19,12,7,3,13,16,0,18,33,13,10,0,16,23,16,14,15,20,19,24,29,18,2,48,27,27,26,29,21,0,28,29,11,35
260,5,0,2,1,0,0,1,0,1,1,0,1,2,0,1,0,0,0,1,0,3,2,0,1,0,0,0,1,1,0,0,0,0,0,0,0,1,1,0,4,2,2,4,4,3,0,3,12,8,7,2,5,4,18,2,3,3,6,4,7,1,3,10,15,9,14,8,1,8,2,3,11,14,17,10,2,14,7,14,1,14,6,17,2,2,10,3,52,9,5,12,12,12,6
261,4,0,2,1,0,2,3,0,1,0,0,1,2,0,1,0,0,0,0,0,0,0,0,0,0,0,0,0,0,0,0,0,0,0,0,0,1,0,3,0,0,1,7,2,5,1,0,10,4,3,7,2,14,6,5,1,0,7,0,2,10,8,11,1,5,4,4,6,11,3,14,1,9,7,5,5,4,1,6,44,37,21,8,0,12,5,7,17,18,23,5,24,18,3
262,4,0,2,2,0,1,1,1,1,0,0,1,2,0,1,0,0,0,1,0,3,2,0,1,0,0,0,1,1,0,0,0,0,0,0,0,1,1,0,4,2,2,4,4,3,0,3,12,8,7,2,5,4,18,2,3,3,6,4,7,1,3,10,15,9,14,8,1,8,2,3,11,14,17,10,2,14,7,14,1,14,6,17,2,2,10,3,52,9,5,12,12,12,6
263,4,0,2,1,0,2,1,1,1,1,0,1,2,0,1,0,0,0,1,0,3,1,0,1,0,0,0,1,1,0,0,0,0,0,0,0,1,1,0,4,2,2,4,4,3,0,3,12,8,7,2,5,4,18,2,3,3,6,4,7,1,3,10,15,9,14,8,1,8,2,3,11,14,17,10,2,14,7,14,1,14,6,17,2,2,10,3,52,9,5,12,12,12,6
264,3,1,2,1,0,3,2,1,0,2,0,1,2,0,1,0,0,0,1,0,3,2,0,1,0,0,0,1,1,0,0,0,0,0,0,0,1,1,0,4,2,2,4,4,3,0,3,3,10,12,10,8,12,3,16,13,12,4,5,13,15,15,4,20,1,11,17,15,13,17,18,35,21,8,20,9,18,17,20,10,20,15,21,1,19,20,11,26,24,29,10,22,21,9
265,5,0,2,1,0,3,0,1,0,1,0,1,2,0,1,0,0,0,1,0,3,1,0,1,0,0,0,1,1,0,0,0,0,0,0,0,1,1,0,4,2,2,4,4,3,0,3,12,8,7,2,5,4,18,2,3,3,6,4,7,1,3,10,15,9,14,8,1,8,2,3,11,14,17,10,2,14,7,14,1,14,6,17,2,2,10,3,3,42,39,26,34,31,19
266,5,0,2,2,0,1,1,0,1,0,0,1,2,0,1,0,0,0,1,0,3,2,0,1,0,0,0,1,1,0,0,0,0,0,0,0,1,1,0,4,2,2,4,4,3,0,3,12,8,7,2,5,4,18,2,3,3,6,4,7,1,3,10,15,9,14,8,1,8,2,3,11,14,17,10,2,14,7,14,1,14,6,17,2,2,10,3,52,9,5,12,12,12,6
267,4,0,2,2,0,1,2,1,0,0,0,1,2,0,1,0,0,0,1,0,3,2,0,1,0,0,0,1,1,0,0,0,0,0,0,0,1,1,0,4,2,2,4,4,3,0,3,12,8,7,2,5,4,18,2,3,3,6,4,7,1,3,10,15,9,14,8,1,8,2,3,11,14,17,10,2,14,7,14,1,14,6,17,2,2,10,3,52,9,5,12,12,12,6
268,5,0,2,2,0,2,1,0,1,1,0,1,2,0,1,0,0,0,1,0,3,2,0,1,0,0,0,1,1,0,0,0,0,0,0,0,1,1,0,4,2,2,4,4,3,0,3,12,8,7,2,5,4,18,2,3,3,6,4,7,1,3,10,15,9,14,8,1,8,2,3,11,14,17,10,2,14,7,14,1,14,6,17,2,2,10,3,52,9,5,12,12,12,6
269,5,0,2,1,0,3,0,1,0,0,0,1,2,0,1,0,0,0,1,0,3,1,0,1,0,0,0,1,1,0,0,0,0,0,0,0,1,1,0,4,2,2,4,4,3,0,3,12,8,7,2,5,4,18,2,3,3,6,4,7,1,3,10,15,9,14,8,1,8,2,3,11,14,17,10,2,14,7,14,1,14,6,17,2,2,10,3,3,42,39,26,34,31,19
270,3,0,2,1,0,1,2,1,0,1,0,1,2,0,1,0,0,0,0,0,0,0,0,0,0,0,0,0,0,0,0,0,0,0,0,0,1,0,3,3,1,3,2,1,2,4,6,0,7,2,3,3,2,1,0,5,15,16,14,8,13,2,13,13,10,0,15,16,1,12,32,28,20,27,29,25,22,28,26,6,26,26,31,34,22,26,30,16,7,22,18,1,28,25
271,6,0,1,2,0,3,3,0,1,0,0,1,2,0,1,0,0,0,1,0,3,2,1,0,0,0,0,1,2,1,0,1,1,1,0,0,1,1,0,4,2,2,4,4,3,0,3,12,8,7,2,5,4,18,2,3,3,6,4,23,19,12,7,3,13,16,0,18,33,13,10,0,16,23,16,14,15,20,19,24,29,18,2,7,45,46,44,46,45,48,43,41,45,44
272,5,0,1,1,0,1,3,1,2,0,0,1,2,0,1,0,0,0,1,0,3,0,1,0,0,0,0,1,1,0,0,0,0,0,0,0,1,1,0,4,2,2,4,4,3,0,3,12,8,7,2,5,4,18,2,3,3,6,4,23,19,12,7,3,13,16,0,18,18,33,30,30,28,24,0,28,28,29,24,20,33,28,34,17,23,28,28,36,33,28,8,31,4,40
273,5,0,2,1,0,3,2,1,0,0,0,1,2,0,1,0,0,0,1,0,3,1,0,1,0,0,0,1,1,0,0,0,0,0,0,0,1,1,0,4,2,2,4,4,3,0,3,12,8,7,2,5,4,18,2,3,3,6,4,7,1,3,10,15,9,14,8,1,8,2,3,11,14,17,10,2,14,7,14,1,14,6,17,2,2,10,3,52,9,5,12,12,12,6
274,5,1,2,1,0,3,3,0,1,2,0,1,2,0,1,0,0,0,0,0,0,0,0,0,0,0,0,0,0,0,0,0,0,0,0,0,1,0,3,0,0,1,7,2,5,1,0,10,4,3,7,2,14,6,5,1,0,7,0,2,10,8,11,1,5,4,4,6,11,3,14,1,9,7,5,5,4,1,6,19,7,4,18,25,10,18,17,14,2,25,15,9,10,20
275,3,1,2,1,0,3,0,1,0,2,0,1,2,0,1,0,0,0,0,0,0,0,0,0,0,0,0,0,0,0,0,0,0,0,0,0,1,0,3,3,1,3,2,1,2,4,6,0,7,2,3,3,2,1,0,5,15,16,14,8,13,2,13,13,10,0,15,16,1,12,32,28,20,27,29,25,22,28,26,6,26,26,31,34,22,26,30,16,7,22,18,1,28,25
276,6,1,2,2,0,3,1,0,1,2,0,1,2,0,1,0,0,0,1,0,3,2,0,1,0,0,0,1,1,0,0,0,0,0,0,0,1,1,0,4,2,2,4,4,3,0,3,12,8,7,2,5,4,18,2,3,3,6,4,23,19,12,7,3,13,16,0,18,33,13,10,0,16,23,16,14,15,20,19,24,29,18,2,48,27,27,26,29,21,0,28,29,11,35
277,4,0,2,1,0,1,2,1,0,1,0,1,2,0,1,0,0,0,0,0,0,0,0,0,0,0,0,0,0,0,0,0,0,0,0,0,1,0,3,0,0,1,7,2,5,9,5,4,2,1,4,0,5,4,4,2,4,22,3,6,8,7,0,7,0,7,7,12,4,7,1,8,2,9,7,40,5,4,11,4,4,8,9,5,49,13,24,12,17,10,21,14,26,24
278,4,0,2,2,0,1,0,1,0,0,0,1,2,0,1,0,0,0,1,0,3,2,0,1,0,0,0,1,1,0,0,0,0,0,0,0,1,1,0,4,2,2,4,4,3,0,3,12,8,7,2,5,4,18,2,3,3,6,4,7,1,3,10,15,9,14,8,1,8,2,3,11,14,17,10,2,14,7,14,1,14,6,17,2,2,10,3,52,9,5,12,12,12,6
279,6,1,2,2,0,3,0,0,0,2,0,1,2,0,1,0,0,0,1,0,3,2,0,1,0,0,0,1,1,0,0,0,0,0,0,0,1,1,0,4,2,2,4,4,3,0,3,12,8,7,2,5,4,18,2,3,3,6,4,7,1,3,10,15,9,14,8,1,8,2,3,11,14,17,10,2,14,7,14,1,14,6,17,2,2,10,3,3,42,39,26,34,31,19
280,5,1,2,2,0,3,3,0,1,2,0,1,2,0,1,0,0,0,1,0,3,2,0,1,0,0,0,1,1,0,0,0,0,0,0,0,1,1,0,4,2,2,4,4,3,0,3,12,8,7,2,5,4,18,2,3,3,6,4,23,19,12,7,3,13,16,0,18,33,13,10,0,16,23,16,14,15,20,19,24,29,18,2,48,27,27,26,29,21,0,28,29,11,35
281,4,0,2,1,0,0,1,1,1,0,0,1,2,0,1,0,0,0,0,0,0,0,0,0,0,0,0,0,0,0,0,0,0,0,0,0,1,0,3,0,0,1,7,2,5,9,5,4,2,1,4,0,5,4,4,2,4,22,3,6,8,7,0,7,0,7,7,12,4,7,1,8,2,9,7,40,5,4,11,4,4,8,9,5,5,34,5,27,16,26,2,17,22,7
282,4,0,2,1,0,2,3,1,1,1,0,1,2,0,1,0,0,0,1,0,3,1,0,1,0,0,0,1,1,0,0,0,0,0,0,0,1,1,0,4,2,2,4,4,3,0,3,12,8,7,2,5,4,18,2,3,3,6,4,23,19,12,7,3,13,16,0,18,18,33,30,30,28,24,0,28,28,29,24,20,33,28,34,17,23,28,28,36,33,28,8,31,4,40
283,4,1,1,2,0,1,1,0,2,2,1,1,2,0,1,0,0,0,0,0,0,0,0,0,0,0,0,0,0,0,0,0,0,0,0,0,1,0,3,0,0,1,7,2,5,9,5,4,2,1,4,0,5,4,19,12,6,0,11,12,0,10,16,9,8,1,13,9,5,8,5,3,7,12,12,10,2,10,4,3,15,3,1,3,14,6,51,6,12,9,3,7,13,8
284,4,0,2,1,0,2,0,0,0,1,0,1,2,0,1,0,0,0,0,0,0,0,0,0,0,0,0,0,0,0,0,0,0,0,0,0,1,0,3,0,0,1,7,2,5,9,5,4,2,1,4,0,5,4,19,12,6,0,11,12,0,10,16,9,8,1,13,9,5,8,5,3,7,12,12,10,2,10,4,3,15,3,1,3,14,6,51,6,12,9,3,7,13,8
285,5,1,2,1,0,1,2,1,0,2,0,1,2,0,1,0,0,0,0,0,0,0,0,0,0,0,0,0,0,0,0,0,0,0,0,0,1,0,3,0,0,1,7,2,5,9,5,4,2,1,4,0,5,4,4,2,4,22,3,6,8,7,0,7,0,7,7,12,4,7,1,8,2,9,7,40,5,4,11,4,4,8,9,5,49,13,24,12,17,10,21,14,26,24
286,4,0,2,2,0,1,3,1,1,0,0,1,2,0,1,0,0,0,1,0,3,2,0,1,0,0,0,1,1,0,0,0,0,0,0,0,1,1,0,4,2,2,4,4,3,0,3,12,8,7,2,5,4,18,2,3,3,6,4,23,19,12,7,3,13,16,0,18,18,33,30,30,28,24,0,28,28,29,24,20,33,28,34,17,23,28,28,36,33,28,8,31,4,40
287,5,0,2,1,0,1,2,0,0,0,0,1,2,0,1,0,0,0,1,0,3,2,0,1,0,0,0,1,1,0,0,0,0,0,0,0,1,1,0,4,2,2,4,4,3,0,3,12,8,7,2,5,4,18,2,3,3,6,4,7,1,3,10,15,9,14,8,1,8,2,3,11,14,17,10,2,14,7,14,1,14,6,17,2,2,10,3,52,9,5,12,12,12,6
288,5,0,2,2,0,2,0,0,0,1,0,1,2,0,1,0,0,0,1,0,3,2,0,1,0,0,0,1,1,0,0,0,0,0,0,0,1,1,0,4,2,2,4,4,3,0,3,12,8,7,2,5,4,18,2,3,3,6,4,7,1,3,10,15,9,14,8,1,8,2,3,11,14,17,10,2,14,7,14,1,14,6,17,2,2,10,3,3,42,39,26,34,31,19
289,5,1,2,1,0,2,3,0,1,2,0,1,2,0,1,0,0,0,1,0,3,2,0,1,0,0,0,1,1,0,0,0,0,0,0,0,1,1,0,4,2,2,4,4,3,0,3,12,8,7,2,5,4,18,2,3,3,6,4,23,19,12,7,3,13,16,0,18,33,13,10,0,16,23,16,14,15,20,19,24,29,18,2,48,27,27,26,29,21,0,28,29,11,35
290,5,0,2,2,0,3,3,0,0,0,0,0,0,0,0,0,0,0,1,0,0,0,1,0,0,0,0,1,2,0,1,1,1,1,0,0,1,0,3,0,0,1,7,2,1,10,11,11,13,11,15,9,17,14,17,15,13,17,16,19,18,19,21,19,22,8,23,8,20,26,22,6,26,22,28,26,29,23,8,29,3,32,30,30,25,24,33,5,3,30,32,30,29,18
291,6,0,2,2,0,2,3,0,0,1,0,0,0,0,0,0,0,0,1,0,0,0,1,0,0,0,0,1,2,1,1,1,1,1,0,0,1,0,3,0,0,1,7,2,1,10,11,11,13,11,15,9,17,14,17,15,13,17,16,19,18,19,21,19,22,8,23,8,20,26,22,6,26,22,28,26,29,23,8,29,3,32,30,30,25,24,33,5,3,30,32,30,29,18
292,5,0,2,2,0,3,3,0,0,0,0,0,0,0,0,0,0,0,1,0,0,0,1,0,0,0,0,1,2,1,1,1,1,1,0,0,1,0,3,0,0,1,7,2,1,10,11,11,13,11,15,9,17,14,17,15,13,17,16,19,18,19,21,19,22,8,23,8,20,26,22,6,26,22,28,26,29,23,8,29,3,32,30,30,25,24,33,5,3,30,32,30,29,18
293,1,1,1,2,0,3,0,0,0,2,0,0,0,0,0,0,0,0,1,0,0,0,1,0,0,0,0,1,2,0,1,1,1,1,0,0,1,0,3,3,1,3,2,7,4,6,2,1,0,6,0,10,1,9,11,6,9,11,2,0,7,22,19,5,15,21,21,23,12,20,19,19,4,37,37,34,39,37,39,38,42,44,43,44,46,45,47,47,51,52,52,53,15,53
294,5,0,2,2,0,2,3,0,0,0,0,0,0,0,0,0,0,0,1,0,0,0,1,0,0,0,0,1,2,1,1,1,1,1,0,0,1,0,3,0,0,1,7,2,1,10,11,11,13,11,15,9,17,14,17,15,13,17,16,19,18,19,21,19,22,8,23,8,20,26,22,6,26,22,28,26,29,23,8,29,3,32,30,30,25,24,33,5,3,30,32,30,29,18
295,5,0,2,2,0,2,3,0,0,0,0,0,0,0,0,0,0,0,1,0,0,0,1,0,0,0,0,1,2,1,1,1,1,1,0,0,1,0,3,0,0,1,7,2,1,10,11,11,13,11,15,9,17,14,17,15,13,17,16,19,18,19,21,19,22,8,23,8,20,26,22,6,26,22,28,26,29,23,8,29,3,32,30,30,25,24,33,5,3,30,32,30,29,18
296,2,0,0,0,0,2,1,0,0,0,1,1,0,0,0,0,0,0,0,0,0,0,0,0,0,0,0,2,0,1,0,0,1,0,2,0,1,0,3,3,1,3,2,7,4,6,2,1,0,14,14,13,11,17,12,0,14,14,18,15,14,18,18,18,7,12,20,24,23,21,35,22,1,25,21,24,12,21,22,26,13,27,5,13,26,17,27,15,22,18,24,28,6,30
297,3,0,0,0,0,3,2,0,0,0,1,1,0,0,0,0,0,0,0,0,0,0,0,0,0,0,0,2,0,1,0,0,1,0,2,0,1,0,3,3,1,3,2,7,4,6,2,1,0,14,14,13,11,17,12,0,14,14,18,15,14,18,18,18,7,12,20,24,23,21,35,22,1,25,21,24,12,21,22,26,13,27,5,13,26,17,27,15,22,18,24,28,6,30
298,4,0,0,0,0,3,2,0,0,0,1,1,0,0,0,0,0,0,0,0,0,0,0,0,0,0,0,2,0,1,0,0,1,0,2,0,1,0,3,3,1,3,2,7,4,6,2,1,0,14,14,13,11,17,12,0,14,14,18,15,14,18,18,18,7,12,20,24,23,21,35,22,1,25,21,24,12,21,22,26,13,27,5,13,26,17,27,15,22,18,24,28,6,30
299,3,0,0,0,0,2,1,0,0,0,1,1,0,0,0,0,0,0,0,0,0,0,0,0,0,0,0,2,0,1,0,0,1,0,2,0,1,0,3,3,1,3,2,7,4,6,2,1,0,14,14,13,11,17,12,0,14,14,18,15,14,18,18,18,7,12,20,24,23,21,35,22,1,25,21,24,12,21,22,26,13,27,5,13,26,17,27,15,22,18,24,28,6,30
300,3,0,0,0,0,2,1,0,0,0,1,1,0,0,0,0,0,0,0,0,0,0,0,0,0,0,0,2,0,1,0,0,1,0,2,0,1,0,3,3,1,3,2,7,4,6,2,1,0,14,14,13,11,17,12,0,14,14,18,15,14,18,18,18,7,12,20,24,23,21,35,22,1,25,21,24,12,21,22,26,13,27,5,13,26,17,27,15,22,18,24,28,6,30
301,4,0,0,0,0,2,1,0,0,0,1,1,0,0,0,0,0,0,0,0,0,0,0,0,0,0,0,2,0,1,0,0,1,0,2,0,1,0,3,3,1,3,2,7,4,6,2,1,0,14,14,13,11,17,12,0,14,14,18,15,14,18,18,18,7,12,20,24,23,21,35,22,1,25,21,24,12,21,22,26,13,27,5,13,26,17,27,15,22,18,24,28,6,30
302,0,0,0,0,0,0,0,0,0,0,0,1,0,2,2,0,1,0,0,0,0,0,0,0,0,0,0,0,0,0,0,0,0,0,0,0,1,0,3,3,1,3,2,7,4,6,2,1,12,13,11,15,15,15,13,17,18,15,12,9,20,0,17,21,19,17,30,31,31,30,34,33,33,34,35,36,35,36,36,39,38,39,37,27,28,43,4,42,44,43,45,49,44,45
303,1,1,0,0,0,1,0,0,0,0,1,1,2,1,1,0,1,0,1,0,0,0,0,0,0,0,0,3,0,0,0,0,0,0,1,0,1,0,3,3,1,3,2,7,4,6,2,1,12,13,11,15,15,15,13,17,18,15,12,9,20,0,17,21,19,30,22,4,27,18,26,27,27,28,23,3,26,27,28,33,25,29,24,4,36,32,35,28,34,37,34,6,35,5
304,0,1,0,0,0,0,3,0,0,0,1,1,0,2,2,0,1,0,1,0,0,0,0,0,0,0,0,3,0,0,0,0,0,0,1,0,1,0,3,3,1,3,2,7,4,6,2,1,12,13,11,15,15,15,13,17,18,15,12,9,20,0,17,21,19,30,22,4,27,18,26,27,27,28,23,3,26,27,28,33,25,29,24,4,36,32,35,28,34,37,34,6,35,5
305,1,1,0,0,0,0,0,0,0,0,1,1,0,2,2,0,1,0,1,0,0,0,0,0,0,0,0,3,0,0,0,0,0,0,1,0,1,0,3,3,1,3,2,7,4,6,2,1,12,13,11,15,15,15,13,17,18,15,12,9,20,0,17,21,19,30,22,4,27,18,26,27,27,28,23,3,26,27,28,33,25,29,24,4,36,32,35,28,34,37,34,6,35,5
306,1,1,0,0,0,1,3,0,0,0,1,1,2,1,1,0,1,0,1,0,0,0,0,0,0,0,0,3,0,0,0,0,0,0,1,0,1,0,3,3,1,3,2,7,4,6,2,1,12,13,11,15,15,15,13,17,18,15,12,9,20,0,17,21,19,30,22,4,27,18,26,27,27,28,23,3,26,27,28,33,25,29,24,4,36,32,35,28,34,37,34,6,35,5
